generation,mean_fitness,distance_from_optimum,phenotype_variance,weights_variance,population_size,n_parents,median_offspring,max_offspring,extinct,mean_weight_0,mean_weight_1,mean_weight_2,mean_weight_3,alpha_0,alpha_1,alpha_2,alpha_3,mean_lambda_0,mean_lambda_1,mean_lambda_2,mean_lambda_3,lambda_variance_0,lambda_variance_1,lambda_variance_2,lambda_variance_3
0,0.9931499977209415,0.0023230159321901986,0.003447065430729359,0.0,5000,3119,1.0,6,0,1.0,1.0,1.0,1.0,0.0,0.0,0.0,0.0,0.4936233807533833,0.496081716249589,0.4905949473808648,0.4958113583560111,0.08881809467458188,0.0874569313126477,0.09004999384284412,0.08570288539477862
1,0.9738699295895058,0.16269217628212518,0.006715178882618158,0.0,5000,3157,1.0,7,0,1.0,1.0,1.0,1.0,0.10934612779977748,0.1239617853248774,-0.0017293903727252662,-0.012713224109652057,0.4887064046269029,0.497173804538476,0.49029812174768794,0.4886079343514026,0.09212160902547131,0.09073074766625447,0.09173498076198547,0.0899860911156465
2,0.9240218842788281,0.34618915034535863,0.009934666964747714,0.0,5000,3152,1.0,6,0,1.0,1.0,1.0,1.0,0.23808662177344658,0.2595573182809605,0.01233207975779535,-0.02428827103375375,0.48413734272114545,0.5011498159005291,0.4987544067044386,0.4877576526467163,0.09489239044193024,0.09331391991923689,0.09049612806522314,0.0944993754252094
3,0.8562624171496367,0.5124368144763609,0.012934766643823436,0.0,5000,3210,1.0,6,0,1.0,1.0,1.0,1.0,0.3678430033213402,0.3713587626948609,-0.0019410537475310907,-0.031159161284755064,0.49240401494309755,0.4953573098510518,0.4955513161669917,0.481184363261275,0.09603969603809757,0.09615660939666384,0.091607072520516,0.09550576354677814
4,0.7738422380831792,0.674324386522767,0.016529747417140663,0.0,5000,3159,1.0,6,0,1.0,1.0,1.0,1.0,0.4838534835857349,0.5029261512321272,0.0017209551124192325,-0.04310897617237723,0.4904330934976262,0.4946737898935734,0.4929350748721421,0.4926447412123541,0.0998318004364736,0.0953439842803317,0.09081666556388628,0.09713536432984801
5,0.6822882854527194,0.8372686159010531,0.01888168781763111,0.0,5000,3165,1.0,6,0,1.0,1.0,1.0,1.0,0.6202217352396697,0.6325830053911644,0.009019725835862791,-0.027548838315581012,0.485486725054187,0.5130264086430266,0.48897978483171384,0.5075116489335496,0.10380269787447617,0.09799240541196436,0.09462015038797687,0.09799813711178489
6,0.6126793054742257,0.9567790821420425,0.019362029738278306,0.0,5000,3141,1.0,6,0,1.0,1.0,1.0,1.0,0.742359079163069,0.7454042579185278,0.009083584916819746,-0.017001625854108887,0.4924329618259839,0.5232521203198204,0.4905053024529223,0.5076444084676782,0.10298428774892998,0.102285541244174,0.09548728539064413,0.10142435564783775
7,0.5800851863481128,1.0056585032097352,0.02250718529596963,0.0,5000,3199,1.0,6,0,1.0,1.0,1.0,1.0,0.8604550977230704,0.8805924800163326,0.009537123923979525,-0.008114269714148728,0.41845310637365857,0.45515646151947087,0.48169327018054453,0.5339369762704322,0.08999335065663626,0.10210327898348012,0.10227060638208951,0.0978241817014193
8,0.570866144959379,1.0143535690827468,0.025934699705532503,0.0,5000,3122,1.0,6,0,1.0,1.0,1.0,1.0,0.9948033060945461,1.008791709032832,0.016861399516763288,-0.0025594709872174574,0.3154179142173789,0.34880600524066563,0.4720739859080794,0.5788298452445714,0.07398617570816156,0.0775182921938353,0.09998358818392344,0.09856449815288902
9,0.568118651714895,1.0220505542264038,0.02400261957190923,0.0,5000,3166,1.0,6,0,1.0,1.0,1.0,1.0,1.1393308027094045,1.1364477695949708,-0.0006334958117291539,-0.01940186226178883,0.26132801924611443,0.2732829838279286,0.4946426886928661,0.6185447829677289,0.05381635362985849,0.05025634781111293,0.0941786806331616,0.07655715319076543
10,0.5629874823058095,1.0294512880681645,0.02432683591536705,0.0,5000,3146,1.0,7,0,1.0,1.0,1.0,1.0,1.2814785136017248,1.2513977782442267,-0.0044267287846058954,-0.005076860626278478,0.23186431544466718,0.23609368440262102,0.48149871941140227,0.6102304922543219,0.04196522145764859,0.04294999929770028,0.08353723173275908,0.08333976190076996
11,0.5549320860237702,1.0431672555077913,0.023991760353052047,0.0,5000,3163,1.0,6,0,1.0,1.0,1.0,1.0,1.4097739814086794,1.3832886785355736,0.015200866010245676,-0.027149429291917673,0.19495685290293094,0.1937351200270091,0.48025162568616087,0.5528455701118588,0.03356525149450885,0.027995630442623046,0.09229444497241128,0.08888177726755499
12,0.5476115343140185,1.0504606312869367,0.026659241411618514,0.0,5000,3166,1.0,6,0,1.0,1.0,1.0,1.0,1.5298213393508402,1.5318746928037106,0.029328594130930252,-0.025751394248076,0.1515834254495848,0.1591864863411506,0.4956627513230521,0.4696068680303435,0.02386894303600092,0.022962415739154907,0.09454813459416109,0.08857552569649416
13,0.5497375010620524,1.0469965945641695,0.02676263246620351,0.0,5000,3178,1.0,5,0,1.0,1.0,1.0,1.0,1.6500909159293462,1.6453670974498205,0.028025047484221254,-0.02132113237607313,0.14617761155317502,0.16781342200283622,0.5201354101818695,0.4540549534373513,0.02307035147991201,0.02610093187796083,0.09127314761255574,0.08519473414966337
14,0.5511481992158846,1.0427718444210623,0.027724363148593778,0.0,5000,3133,1.0,5,0,1.0,1.0,1.0,1.0,1.7786558695162193,1.767014747806116,0.040820093672072094,-0.02136024032241904,0.12908892744405423,0.15042488083254676,0.5161269997967686,0.41414878634744673,0.017240345595307956,0.022098253886137186,0.07999331210870671,0.07762475986129412
15,0.5497888451213045,1.0533518652719314,0.023305185999530378,0.0,5000,3191,1.0,6,0,1.0,1.0,1.0,1.0,1.9203138190906395,1.903249798888318,0.030139813892709227,-0.008322095758926108,0.12916520134325862,0.1328391745545848,0.5311788081932687,0.37952813272817604,0.016846431952520006,0.019451321311369018,0.06595319462466342,0.06385119557452022
16,0.5505897563420854,1.051105758786718,0.02356491896140675,0.0,5000,3193,1.0,6,0,1.0,1.0,1.0,1.0,2.0285740390159477,2.020820423020389,0.02927862258787895,-0.01334599392808589,0.134211925218851,0.14108026075081656,0.5196662981547157,0.34748335528040714,0.018194351007163802,0.01936961110389613,0.05677394383066567,0.05848433751850152
17,0.5432331177159565,1.06344412064615,0.023595664569717137,0.0,5000,3138,1.0,6,0,1.0,1.0,1.0,1.0,2.164242333700753,2.1431997056758303,0.023202862696485336,0.0005542941090076279,0.13561260256856866,0.14148982209680647,0.49255871861622225,0.3456751193932508,0.019080931482918072,0.019715699957498275,0.05080201285753799,0.06286593659191905
18,0.5422456824160654,1.0659970069908422,0.023033843842508048,0.0,5000,3154,1.0,7,0,1.0,1.0,1.0,1.0,2.3073747905044826,2.262711224701819,0.029555806845294724,-0.0014809685730962645,0.13528454113645952,0.1331036201683339,0.4726839940283595,0.3356562085030912,0.01896819102232108,0.019291194612519918,0.05277305757068991,0.06502739064176725
19,0.5426458829997715,1.0643163084864182,0.023504241253762097,0.0,5000,3113,1.0,5,0,1.0,1.0,1.0,1.0,2.4358001715817803,2.368378190382245,0.0372987334458709,0.010204778914428338,0.1406349708726943,0.13496549312787595,0.4876088446779879,0.35442548057231626,0.021293493858028558,0.019025341025054113,0.06365753583873861,0.07215140850639302
20,0.5388355362593317,1.068237442745564,0.024916671133575242,0.0,5000,3160,1.0,6,0,1.0,1.0,1.0,1.0,2.559407923110932,2.4932775455829934,0.03223715835303608,0.02553023022621314,0.13738110408999124,0.1332355879561377,0.5121116593632586,0.38104753780011824,0.024148748587759748,0.01874362905643099,0.06918658816433157,0.07204087828591428
21,0.5397688760280637,1.0635269946886765,0.02672807027730375,0.0,5000,3133,1.0,6,0,1.0,1.0,1.0,1.0,2.6821709176150472,2.604807679638005,0.030734873848083915,0.0077118087831182305,0.12428774218779609,0.1239229320279745,0.5290045232123288,0.4045958754666622,0.020331285650454334,0.0172072684022918,0.07566458097878073,0.07437292832657735
22,0.5447709091466729,1.0576036649889011,0.025387201086127652,0.0,5000,3160,1.0,6,0,1.0,1.0,1.0,1.0,2.808830494810659,2.7543633500295033,0.03831215375241569,0.008689463610478962,0.1054979756667148,0.11169244878816008,0.5393285600941694,0.43450279863626845,0.013574192217475781,0.016562527851262353,0.07503912303508446,0.07326751873031385
23,0.5471415476481376,1.0537016780888862,0.025238250389155642,0.0,5000,3146,1.0,6,0,1.0,1.0,1.0,1.0,2.912099780160605,2.86300146426991,0.05295200407009581,0.011457297876978008,0.11240710817589172,0.10851275945514742,0.5571133759145569,0.44272466002692634,0.014287742122132763,0.015268760185636282,0.07600854925224594,0.06813801875998281
24,0.5458662103806194,1.0554560279280447,0.025467636902994494,0.0,5000,3161,1.0,6,0,1.0,1.0,1.0,1.0,3.033372938538628,2.979560115337817,0.0630238683011568,0.008589471844429267,0.11747775541276682,0.10935583453550096,0.5745601217471272,0.453280202295822,0.015670913469443916,0.014246375803468794,0.074123895557707,0.06917859562011203
25,0.5449070390413104,1.060495055881441,0.02368833502029217,0.0,5000,3203,1.0,6,0,1.0,1.0,1.0,1.0,3.1585866594957173,3.1094105993657837,0.07211887691018709,0.007719780363773283,0.10712141440306823,0.11904229168560916,0.5752865630112658,0.474185562749316,0.015446676664961188,0.014479764896892967,0.0797184765527947,0.07017307611889004
26,0.545428311617564,1.0603925579797557,0.023094561943196833,0.0,5000,3146,1.0,6,0,1.0,1.0,1.0,1.0,3.28025602949459,3.219737555840834,0.07787167734678939,0.02241661519052864,0.10565950368862004,0.1260135378866539,0.5716939262077756,0.486287423550908,0.015000753813820088,0.015349035201317756,0.08267322059059064,0.07385200423714477
27,0.5394965636246396,1.0734423236266113,0.02151789754307944,0.0,5000,3199,1.0,7,0,1.0,1.0,1.0,1.0,3.415940726200017,3.3273806606762726,0.05582246852784459,0.009277195262068166,0.10640067934408037,0.1189976243568299,0.5476902533546321,0.5003389406108235,0.014555914749087842,0.015768996868317894,0.08376152276405588,0.07842255238917191
28,0.5371592267451459,1.0787735893994417,0.020765649655932517,0.0,5000,3149,1.0,7,0,1.0,1.0,1.0,1.0,3.55257468310258,3.4409928427501377,0.06324196474776898,0.002690195587569409,0.10994228919794102,0.12893174851018738,0.5331775554743631,0.5171483027102252,0.013630358055196806,0.01661022635158052,0.09096152220697484,0.08152019011713531
29,0.5400902021578875,1.0770726181590249,0.019075464031829397,0.0,5000,3138,1.0,7,0,1.0,1.0,1.0,1.0,3.672314156905311,3.5690976068958786,0.056517395858428486,-0.016239921013274178,0.12343071464354996,0.11818233722893186,0.5484921688527692,0.5321009397994769,0.01656716340943476,0.01450338279040975,0.09691920843864728,0.08007292692210759
30,0.5415612231974545,1.073136201202626,0.01989752341073491,0.0,5000,3185,1.0,6,0,1.0,1.0,1.0,1.0,3.7986317064938295,3.6957325426448513,0.0479237362572182,-0.02730100451321339,0.1206681097626506,0.11789249709337656,0.577543712748033,0.5444159946214321,0.0172808080694442,0.01643416011657266,0.09152018492558445,0.0771601028757837
31,0.5428825732510782,1.070449102223556,0.020080886030254944,0.0,5000,3135,1.0,6,0,1.0,1.0,1.0,1.0,3.9207671445196888,3.7953782773283447,0.03805495087302276,-0.032263540427627,0.11989814600450177,0.12294432016515186,0.6208343164166202,0.5864499021872487,0.015676090504039047,0.016564256763301324,0.0807973374497576,0.07152277096144025
32,0.5428310358465642,1.0718526480943054,0.019414641100893023,0.0,5000,3150,1.0,6,0,1.0,1.0,1.0,1.0,4.048078994724195,3.9118303415908215,0.027526864711886343,-0.03455075349820176,0.11756236822160085,0.12459452550232165,0.6652145612919123,0.631481380217877,0.014396218330510038,0.01666354911174725,0.07273519330908872,0.07649945032488233
33,0.5405275764215035,1.076379841342093,0.018978294743399203,0.0,5000,3150,1.0,8,0,1.0,1.0,1.0,1.0,4.1653619683785,4.014944347079333,0.030103781013785982,-0.045492819890753156,0.12448665275755552,0.12790198831274696,0.6382838203350661,0.6599694710202655,0.01479287865732635,0.017474980682386704,0.07445732151931606,0.0736710767467502
34,0.5411360657989736,1.0741573639389725,0.019707585525714773,0.0,5000,3170,1.0,6,0,1.0,1.0,1.0,1.0,4.2840498815523835,4.1249455814944636,0.02719551009273762,-0.03990757184879679,0.12645954913069107,0.12937496920214497,0.6256854361619265,0.6844131721502292,0.016088539385172917,0.01878178207514546,0.08045428588669791,0.06164803651397061
35,0.5424715702950554,1.068303736688781,0.021771125153808156,0.0,5000,3181,1.0,6,0,1.0,1.0,1.0,1.0,4.422679749370165,4.244266385486781,0.03756934454328522,-0.04363583014248055,0.13120921006253253,0.13628481394500183,0.6050939354422983,0.679603415109159,0.017616680163122032,0.01897821197215144,0.0768372158386272,0.056909467702441416
36,0.5459804676041397,1.0595851767293665,0.02319589736324165,0.0,5000,3140,1.0,7,0,1.0,1.0,1.0,1.0,4.536232988973768,4.368789730348594,0.0483501962286864,-0.03308937548016305,0.13586384948678856,0.12782258837108615,0.5874179703307845,0.6793733431250912,0.017282712059781265,0.01885430900569201,0.079776205871417,0.07086701692533152
37,0.545210960911986,1.05779315611988,0.02477993598007411,0.0,5000,3182,1.0,6,0,1.0,1.0,1.0,1.0,4.657404529747088,4.482044681005523,0.04930178186024681,-0.03357790939782368,0.1401868266006925,0.1178211420563403,0.5731682260378573,0.6683183125226991,0.017469326923956984,0.017376580757479523,0.07651296760029244,0.07443542753961849
38,0.5418495842448485,1.0605676139300284,0.026325427060663938,0.0,5000,3159,1.0,6,0,1.0,1.0,1.0,1.0,4.781988170821157,4.606482761606236,0.04727345091227838,-0.034769676192341926,0.1511435510861078,0.11403698850247351,0.5368231146602519,0.6683980960795584,0.019328114011181247,0.016303441728323393,0.08441428767780557,0.07194315466464678
39,0.5434097553660274,1.0591577516840278,0.025736672029133774,0.0,5000,3130,1.0,6,0,1.0,1.0,1.0,1.0,4.891008635343954,4.742423403460105,0.04857820300970324,-0.021496360914990097,0.1608821516204568,0.1207010708127694,0.5567097826740851,0.6786358120225849,0.022589608201773848,0.017793299220939002,0.07770706070207857,0.07285281222552192
40,0.5450058875644883,1.0523275107914587,0.027887592521507024,0.0,5000,3165,1.0,7,0,1.0,1.0,1.0,1.0,5.013523789804689,4.879855064250661,0.051151051063498564,-0.03335259538894449,0.1510570883876806,0.12075106278265034,0.5428170488147692,0.6586430698745805,0.02091644969949479,0.014679402381006887,0.07849098706626749,0.07120551039253196
41,0.5434501325755383,1.0516579281514338,0.029678478346349395,0.0,5000,3158,1.0,6,0,1.0,1.0,1.0,1.0,5.1448067845923715,5.0062150911321694,0.05024166703763078,-0.04204601971781742,0.15833982602408125,0.11320365747761642,0.5259285396710334,0.6124026454787616,0.01777896236773749,0.013687829268080568,0.07423532404110325,0.0787359796266638
42,0.5460066614357506,1.0484948064693587,0.02909804422845133,0.0,5000,3130,1.0,6,0,1.0,1.0,1.0,1.0,5.2736703898126684,5.1349613137396535,0.04399438529808593,-0.04777323470563758,0.14575263531231966,0.1084322129788678,0.5257571342107048,0.5601964124724276,0.016999856458480622,0.013094884477644184,0.08368443050374663,0.07452828239371374
43,0.5500224798693122,1.0418770772895622,0.029098522357924123,0.0,5000,3159,1.0,7,0,1.0,1.0,1.0,1.0,5.388424148307653,5.253089731790999,0.04203889027039544,-0.05342985961181556,0.14658660597412712,0.11279906475565056,0.49606950466463096,0.5097616044074955,0.018067194930955335,0.015032086823311116,0.0829915086701619,0.06222186870740561
44,0.5484121603674337,1.0509781906512945,0.02577240551768859,0.0,5000,3155,1.0,7,0,1.0,1.0,1.0,1.0,5.524826648616019,5.3836087056086654,0.050150363418633354,-0.03231783915266547,0.15539101214420462,0.11423495310694783,0.5080906207226851,0.5161890252214248,0.022457760759671902,0.01713980188360748,0.07849151027919632,0.0627285716855576
45,0.5480695203177761,1.0567179716839585,0.022907569174458006,0.0,5000,3144,1.0,7,0,1.0,1.0,1.0,1.0,5.637510148310362,5.516427710298506,0.04427298569721002,-0.01296153808691745,0.141742270359266,0.11838333617865353,0.4794121224426521,0.5526184376707827,0.020251254147111666,0.017289453313656823,0.0818968319663071,0.060148708656323324
46,0.5459202124142284,1.0654378989445152,0.020136959285679722,0.0,5000,3168,1.0,6,0,1.0,1.0,1.0,1.0,5.764645634080391,5.643455138363268,0.027904307322782505,-0.006406150225549626,0.13812789193266573,0.12777892037491598,0.4265304853578212,0.6065445906802825,0.020428445380047955,0.017148829385779548,0.08565700837011712,0.05543540705928923
47,0.5432705999410947,1.071385035970984,0.019348487328303562,0.0,5000,3127,1.0,6,0,1.0,1.0,1.0,1.0,5.905112800418627,5.761893361895024,0.020689813713375697,-0.0007242426328822518,0.12879058501844637,0.1278469942654403,0.4016139526547002,0.634950698293407,0.017088420997296627,0.017915451533603993,0.08967067361632207,0.04644145340022593
48,0.5433260570055214,1.0719002553123709,0.019014866176444163,0.0,5000,3150,1.0,9,0,1.0,1.0,1.0,1.0,6.025684470173095,5.878852747369857,0.02296464860374169,-0.0066633130736924095,0.122605004478585,0.11397535941713516,0.34784007367031233,0.6332332668941378,0.017058371154251628,0.015555114102899316,0.08983433381835827,0.04394003840239255
49,0.5437863092843258,1.0707165230178344,0.019238211078308066,0.0,5000,3168,1.0,6,0,1.0,1.0,1.0,1.0,6.164536708430447,5.999679122653757,0.03575318175232425,-0.01066617798484016,0.12484304506711019,0.11423619033578343,0.34427998860189574,0.6393832481875523,0.016394225570371488,0.016038348736665195,0.09326886697394209,0.04359761576573121
50,0.5436175315380405,1.0659854241896372,0.021897134586174195,0.0,5000,3197,1.0,7,0,1.0,1.0,1.0,1.0,6.280832554699083,6.11808299066293,0.038488436286748466,-0.006152560897875436,0.12924910347584329,0.11050485636079306,0.371749741612767,0.6749813315326987,0.01691448326245046,0.016561025993411964,0.09678226672886134,0.04625460656040122
51,0.5439730448548817,1.061474195770442,0.024100362718137282,0.0,5000,3162,1.0,6,0,1.0,1.0,1.0,1.0,6.397946216354368,6.2440646210373,0.04857149045167317,-0.00436999766437313,0.12362503414991606,0.1082494538459684,0.4025213098659847,0.6964347710510207,0.016935220530912544,0.01700230409141349,0.10705623129179712,0.04453425830187683
52,0.549021850544276,1.0428796616680145,0.029388071439540257,0.0,5000,3173,1.0,6,0,1.0,1.0,1.0,1.0,6.5178700328458445,6.384223924285968,0.05548575179206468,-0.00649519594753333,0.12742060273800268,0.1040919681685642,0.4341585165123088,0.685372932044557,0.016757912069060025,0.013079306412482571,0.11982109207564803,0.05000947257791557
53,0.5465399426955969,1.0386492080129597,0.033693515500425555,0.0,5000,3177,1.0,5,0,1.0,1.0,1.0,1.0,6.648893569399231,6.5082487714012585,0.05924631043640308,0.0028731298532954554,0.13410178210164056,0.10942288968431128,0.44503223994843155,0.6477547725592944,0.018791228213384737,0.014331844652245818,0.12107167713269552,0.058986520397035884
54,0.5493899699476166,1.0324803753796883,0.034539476892331805,0.0,5000,3154,1.0,7,0,1.0,1.0,1.0,1.0,6.762950191788858,6.628968923035392,0.07509526028542662,0.012551056525013772,0.1312566803875711,0.11004950106998594,0.39945749106757095,0.598787098604607,0.016032454907496354,0.014638958625461072,0.11723502614632393,0.06543217375036858
55,0.5494578828962458,1.034376816333313,0.03342533236914366,0.0,5000,3147,1.0,6,0,1.0,1.0,1.0,1.0,6.883060121153436,6.760270026663782,0.05081127019153298,0.014553264141993181,0.13038288680384064,0.11278218214541291,0.39970893066116303,0.5750086142415622,0.016103736068984027,0.015289059177249967,0.122039826337522,0.06677821057655875
56,0.5482429527287029,1.0406478010811804,0.03117644970131178,0.0,5000,3170,1.0,7,0,1.0,1.0,1.0,1.0,7.016132261880342,6.888981051638177,0.03564908816341454,0.019135838232313733,0.115783600919657,0.11702688252989804,0.3644164586366995,0.5347670418568778,0.01643284312782656,0.016695187766337487,0.11044531694415288,0.07732825499042073
57,0.5432971908332295,1.0493193059779637,0.030744426595689656,0.0,5000,3157,1.0,6,0,1.0,1.0,1.0,1.0,7.14896479666058,7.020759426799691,0.003888184840854049,0.015922854917039993,0.12337591718841363,0.11929627981340918,0.35754244246279016,0.5181223081993347,0.017402653300299067,0.01518636143908518,0.1044906372313238,0.08027875826527789
58,0.5384133828827931,1.0557359351636708,0.03172838955883135,0.0,5000,3178,1.0,6,0,1.0,1.0,1.0,1.0,7.271006008027649,7.135725949274109,0.008091246818902692,0.02667525406540026,0.12867427624516908,0.13083865404471848,0.36845382758412865,0.4985533576830392,0.01959338774839988,0.018108309560371936,0.10898528917942617,0.08379688368725492
59,0.5397207548439797,1.053679919467026,0.03175751717437117,0.0,5000,3124,1.0,7,0,1.0,1.0,1.0,1.0,7.38184721187334,7.246890817189668,0.014890898579366436,0.0327665771486404,0.1267013632383058,0.13564951170898795,0.33496836982953354,0.47718015750470877,0.018079549358026813,0.018014255014642495,0.10285866800442131,0.07893492282532687
60,0.5402714287972469,1.0543707727668308,0.031021197374005015,0.0,5000,3178,1.0,6,0,1.0,1.0,1.0,1.0,7.505075254370307,7.368409182606234,0.017682160235330556,0.03350337424027715,0.12725350123748622,0.12088357851635749,0.323565520926074,0.4622494849866328,0.018430183249607306,0.01544684134776692,0.10140289822234747,0.07749916100172695
61,0.5384113120682186,1.0572439802213107,0.031043789922602788,0.0,5000,3176,1.0,7,0,1.0,1.0,1.0,1.0,7.626386776091365,7.4946547761537055,0.023524977185611973,0.03845777812352595,0.13878401791773834,0.12702443367419913,0.2931875973308123,0.43016547447056575,0.02065374807785021,0.016471332595675372,0.09176857285711558,0.0795532005337187
62,0.5378675988862007,1.0592188726243457,0.03060188562703665,0.0,5000,3183,1.0,5,0,1.0,1.0,1.0,1.0,7.772513645139568,7.613900353812804,0.01155559297797882,0.03161267185515867,0.13888126251060054,0.12220511222257953,0.32539697333209555,0.46723197405827993,0.019438258343485906,0.01563510577112033,0.09537001351128149,0.07973261441130057
63,0.5404383330789285,1.0583494127370534,0.028728930434627205,0.0,5000,3110,1.0,7,0,1.0,1.0,1.0,1.0,7.895780141956685,7.748036753346742,-0.0012993494229480637,0.02671678287518539,0.12923094598424065,0.11665027615477527,0.38936131642096716,0.49083623219627454,0.01692056168280239,0.017685646875757577,0.08553189428696172,0.07749268359086119
64,0.5422976040539915,1.0553405833400158,0.028624670762613318,0.0,5000,3152,1.0,7,0,1.0,1.0,1.0,1.0,8.003134393855966,7.853255005958628,0.000393194156555649,0.02747168217039901,0.1313418543993336,0.1250620937528676,0.4062055186129553,0.49060065658548635,0.01571853531939604,0.01976184809338272,0.07918673045464623,0.07773535381814171
65,0.5399340529209539,1.0635859726595633,0.026464213985418462,0.0,5000,3213,1.0,6,0,1.0,1.0,1.0,1.0,8.134460970970597,7.982632923591741,-0.025351087101632145,0.017459388619772052,0.12279789192665477,0.11567010124620922,0.40470808521815727,0.5216438112901318,0.012677501489251005,0.015467065909323705,0.08254454275142739,0.07207662521288487
66,0.5437269980056936,1.0547892675159776,0.027909299317052817,0.0,5000,3174,1.0,5,0,1.0,1.0,1.0,1.0,8.268099584388134,8.099991922566772,-0.01607016856625726,0.015999101395203028,0.1183978483612646,0.11313228413637255,0.3792732468549315,0.5346778550927703,0.014010529094109558,0.015310565435127531,0.07995293672016597,0.07040798236693328
67,0.5529956368020499,1.0411933217349487,0.027204813759993236,0.0,5000,3152,1.0,6,0,1.0,1.0,1.0,1.0,8.383477334508873,8.221710342305245,-0.004244676144070611,0.02109795342293301,0.12312194793662427,0.1112109149456054,0.3690071972456411,0.518700523114666,0.016795714871011645,0.01403383708043395,0.06714397128740823,0.0720825711343876
68,0.5608360888265617,1.0327711694420634,0.02480775658396118,0.0,5000,3165,1.0,6,0,1.0,1.0,1.0,1.0,8.513878846223417,8.337294758671707,0.008056837194146339,0.014694810137153373,0.11837730844089615,0.11128395034485579,0.4014536571153596,0.4676276077506671,0.015598338931759232,0.015822414931798708,0.0579871110932346,0.0703120697022827
69,0.5601547416940865,1.0412799112058666,0.02068657400151452,0.0,5000,3199,1.0,7,0,1.0,1.0,1.0,1.0,8.625555586817752,8.477873216767078,0.02755140576166287,0.008871485962044918,0.12278467731122085,0.12303112297294881,0.41515254855798794,0.4302130436634733,0.015038259721958443,0.017964542067587377,0.05074786373359248,0.062435256791252586
70,0.5575370251036271,1.0452830193063714,0.020736706241524655,0.0,5000,3182,1.0,6,0,1.0,1.0,1.0,1.0,8.75113534892704,8.588036141306441,0.027985621768114286,0.018007480605571537,0.12774239414459432,0.1375562233767444,0.41346307695507284,0.4263937677807269,0.015905827900250007,0.022593648793732934,0.050816042116002054,0.06759177039265643
71,0.5508384049278028,1.056438594688364,0.020609822389020774,0.0,5000,3180,1.0,7,0,1.0,1.0,1.0,1.0,8.868664478122152,8.716177154481759,-0.0006829007978762305,-3.256440424572252e-05,0.13527695341910112,0.14562858471146437,0.42561210358502233,0.39905725300629835,0.019179633517089213,0.02307375220529718,0.06103714161953161,0.0710523497168414
72,0.545796588231918,1.0654640246135711,0.020168311471763345,0.0,5000,3180,1.0,7,0,1.0,1.0,1.0,1.0,8.998924444839288,8.841063251606313,0.014186382974437018,-0.00534900874664731,0.13700661263759104,0.16653926687199103,0.46956429128700267,0.3672160495784935,0.019086399861066774,0.025981502652198424,0.06650067854364267,0.06910144093347305
73,0.5393100653442476,1.0764271732106143,0.02018504357096963,0.0,5000,3167,1.0,7,0,1.0,1.0,1.0,1.0,9.134792411845448,8.954666927094339,0.0004897990783410619,-0.0070382149006212045,0.14152654066369813,0.16468303499254897,0.4830372273194518,0.3516092966856328,0.023256524056848266,0.022571236595959502,0.07448819328214107,0.06617460779446799
74,0.5431062627021463,1.0702838253460587,0.020076769290343105,0.0,5000,3157,1.0,6,0,1.0,1.0,1.0,1.0,9.250448131636311,9.08895073100687,0.011159210667889467,0.007991778352206928,0.12739845860303559,0.15015522587973607,0.4900605510874232,0.3247238342359717,0.024030531768993193,0.019627425846674876,0.0755532293401531,0.06460629353853252
75,0.5448694733207798,1.0660082636587975,0.02069995759341585,0.0,5000,3155,1.0,6,0,1.0,1.0,1.0,1.0,9.365642281554871,9.235776366967734,0.004354269510346085,-0.00025229328797815066,0.10061438389713573,0.15850287506165187,0.4848308033954955,0.29007258637586775,0.013891716203336141,0.02064120801575199,0.07448228592620944,0.06048323527091307
76,0.5421472942145585,1.0697873429259595,0.021076771614928734,0.0,5000,3145,1.0,6,0,1.0,1.0,1.0,1.0,9.497725235761656,9.371591533747996,-0.010378892463317461,0.0014840666621588547,0.09115773036472538,0.15162353655207264,0.48267990000369737,0.2616074554449188,0.012187498684813872,0.020198344437820454,0.07368483652029378,0.05858768158670473
77,0.5407172406116197,1.0739426833270322,0.020056205884281926,0.0,5000,3136,1.0,6,0,1.0,1.0,1.0,1.0,9.626942446506352,9.500685225724055,-0.020713633941671056,-0.015758032514571002,0.1008750784508644,0.15723933338863855,0.46838575684886347,0.2506908698446455,0.013640268934562072,0.019305159004238938,0.07641368205675118,0.06214504672634761
78,0.5364479918826717,1.0790457465321441,0.021065106071656216,0.0,5000,3145,1.0,5,0,1.0,1.0,1.0,1.0,9.758606027660687,9.626209567976158,-0.0005975854622375792,0.009624374372124676,0.10674698251369331,0.1588944668633521,0.4906280195319734,0.26172311927458264,0.013674492260716164,0.021382194730560276,0.07223608642921146,0.06222756197812159
79,0.5320666911148445,1.0844603144844214,0.022077825570014635,0.0,5000,3123,1.0,6,0,1.0,1.0,1.0,1.0,9.910181365978525,9.766107062245398,0.008605543486400353,0.0012613988725415862,0.11508081148032263,0.1430621241482815,0.5062827018399143,0.28638579136081305,0.015453612687596686,0.020925977056741433,0.06628879429868649,0.07766077639131276
80,0.5320640451413521,1.0815489885310399,0.02374686627130703,0.0,5000,3134,1.0,7,0,1.0,1.0,1.0,1.0,10.028188193063423,9.904344930060947,0.015150229946179511,-0.006466577957566508,0.13159791316040434,0.12805842039909326,0.5219533638635662,0.2997955971202183,0.017563522204634033,0.017448589884367847,0.06847809675138147,0.08828506165429101
81,0.5345289543148111,1.0764259507561864,0.02436048092486951,0.0,5000,3123,1.0,6,0,1.0,1.0,1.0,1.0,10.164008473332478,10.03163210552252,0.027412346333970924,-0.020904158993542216,0.12316435596606552,0.10510862106265786,0.5338385652526757,0.3361628312150829,0.016350454333317988,0.014021034415791167,0.06416128643322,0.11349634070545563
82,0.5397282787207364,1.0674049681243531,0.024531292253409956,0.0,5000,3145,1.0,6,0,1.0,1.0,1.0,1.0,10.300850045088804,10.13091455601872,0.016054578212877833,-0.0024836237898492007,0.12482185217173955,0.10719757257500327,0.50019668318818,0.3801033204824564,0.015411219202756342,0.014856266576547305,0.058012731718973455,0.1264497757312834
83,0.5396755214226322,1.06786156561244,0.02417518004061278,0.0,5000,3169,1.0,6,0,1.0,1.0,1.0,1.0,10.426936058870123,10.276393502972882,0.011998148088721365,-0.01391233892495057,0.11691126510167489,0.09897760910275934,0.49506805148509736,0.3774113209505218,0.014120172277079361,0.01331212102489051,0.05785933830576095,0.12413072148373251
84,0.5371211195336469,1.071892155580982,0.02443189678760249,0.0,5000,3148,1.0,7,0,1.0,1.0,1.0,1.0,10.559772973242088,10.403260348630042,-0.0019394836343270064,-0.01703611155497007,0.12218586348888309,0.08480417682221594,0.5408553922526519,0.3590580785947759,0.01571681216479995,0.009899872898378721,0.06096092868760513,0.1147833375566027
85,0.5374977014979405,1.0728882469901397,0.02375980319978155,0.0,5000,3150,1.0,6,0,1.0,1.0,1.0,1.0,10.694885914444408,10.529309823893602,0.019106269706213704,-0.02557400568371101,0.12576964776274052,0.09349584335004744,0.5217118721659366,0.31506156466368795,0.01741295911319905,0.010561178246097707,0.05754229310954727,0.09743078261342085
86,0.5432790251653855,1.061697768692143,0.02440010318461497,0.0,5000,3171,1.0,6,0,1.0,1.0,1.0,1.0,10.808551051260718,10.657351847628957,0.006328277503748394,-0.038390017731195034,0.1238629866413641,0.09501879632489041,0.5280977369140324,0.2951702633350047,0.017728931992101796,0.010407445079476545,0.055313195164416865,0.0964605618341844
87,0.5428414142374974,1.0633164839211062,0.023942174429377436,0.0,5000,3148,1.0,6,0,1.0,1.0,1.0,1.0,10.941927262264091,10.768397707248631,0.01717277429472426,-0.02897989282253937,0.11452081203637006,0.10464590959098095,0.5381916136524922,0.2657031230151065,0.01576375297472697,0.01242452724215774,0.053932351896368934,0.08556274712688251
88,0.5409100299252854,1.0673876177748522,0.02347299448753635,0.0,5000,3140,1.0,9,0,1.0,1.0,1.0,1.0,11.077555778486252,10.878612695014212,0.036439937220845924,-0.04411391391848325,0.11485611901375842,0.11753317273733105,0.534367415253593,0.23626512115380455,0.016549317531406704,0.015886886306426786,0.055173510131043234,0.0691975541879236
89,0.5381052513940059,1.0687176329542278,0.025222066029652518,0.0,5000,3164,1.0,7,0,1.0,1.0,1.0,1.0,11.206980705983755,11.00782823436547,0.04788570730457445,-0.059604829152104716,0.11166266538153825,0.125769660132625,0.5386166858162424,0.24712745296425878,0.01509079967357782,0.01759204046857408,0.05976765318372966,0.07065518497941448
90,0.5370604553491932,1.067214915591415,0.027079131120447547,0.0,5000,3167,1.0,7,0,1.0,1.0,1.0,1.0,11.342889740665456,11.125435058127167,0.047036634607930686,-0.06796687556440938,0.11014215490879219,0.11829049466802428,0.5315357196384161,0.2517182231262649,0.014872452660356061,0.01663993651448243,0.05905750695488241,0.0711335827704371
91,0.5405019871917296,1.0622698996376747,0.026536110209606757,0.0,5000,3175,1.0,6,0,1.0,1.0,1.0,1.0,11.48691751056129,11.282090509502897,0.022442005946037378,-0.06610800648258983,0.11590672083125443,0.10513583885860167,0.5395206488044103,0.27304144140900954,0.0145052239082075,0.01444945495220324,0.06207889357933769,0.0962584865222892
92,0.5394305646261038,1.059417485203901,0.028898147613883245,0.0,5000,3140,1.0,7,0,1.0,1.0,1.0,1.0,11.601195930009759,11.42336685594966,0.027229272350147007,-0.07271817923408513,0.11522713201122677,0.11073394089008869,0.5542097588154054,0.2692881024588454,0.015078381496546377,0.014214741199811311,0.06151271531705386,0.09173359421665296
93,0.5351949182214799,1.0687773327273533,0.027868989328844938,0.0,5000,3134,1.0,7,0,1.0,1.0,1.0,1.0,11.725725339427356,11.553339030718092,0.029930246414051034,-0.081822683245828,0.10851439640087107,0.10935244132315126,0.5651561946222702,0.28957437995686386,0.015516394610321567,0.013964452502532598,0.06898445979837212,0.09695481031389562
94,0.5406642125196816,1.056915622122194,0.02918424310741027,0.0,5000,3180,1.0,7,0,1.0,1.0,1.0,1.0,11.848393867527932,11.665633411284162,0.024980217414732428,-0.077572400868925,0.1096404060676319,0.11191487303866526,0.5735049339214486,0.3062194216950896,0.016616402626034518,0.01673780506777556,0.0677804303157859,0.09230389109048814
95,0.5392734054704171,1.0524451160191077,0.03285457068960345,0.0,5000,3196,1.0,6,0,1.0,1.0,1.0,1.0,11.98957358040876,11.8041031390079,0.01673158339064268,-0.09317262538919997,0.09235417461457551,0.12018787351151372,0.5730723997320535,0.3012907110396005,0.012229956789015619,0.01490858974507747,0.06723479254825393,0.08986300399721636
96,0.5403992452419089,1.045236654447478,0.035583131886101696,0.0,5000,3176,1.0,7,0,1.0,1.0,1.0,1.0,12.12177800889354,11.937254539002772,0.019643859098998035,-0.08626347382460609,0.09463221769585442,0.11963230133430539,0.5647686967071354,0.2809705994913904,0.012309200828822807,0.015460667889718394,0.06976987635568743,0.07208066914933936
97,0.5381997933619296,1.0489378439705679,0.03573487350839046,0.0,5000,3157,1.0,6,0,1.0,1.0,1.0,1.0,12.242949056933407,12.071578387750655,0.04007834328059441,-0.0726593802277788,0.1103077267875806,0.12799509885683047,0.5904899745477228,0.2794646445394376,0.014239393414739973,0.01957548391136868,0.07540843921165055,0.06735003777265779
98,0.5431691581149348,1.0348978851991344,0.038511458491724354,0.0,5000,3210,1.0,5,0,1.0,1.0,1.0,1.0,12.39371421883018,12.1971505745227,0.06322434835682973,-0.09237009199203038,0.1318623904821444,0.12194108057659128,0.5770516884533327,0.253773452439081,0.01711725997702984,0.019398798223144276,0.06596022810158066,0.05208127947288337
99,0.5393763171584052,1.040270222887711,0.03907490291884526,0.0,5000,3182,1.0,7,0,1.0,1.0,1.0,1.0,12.538019033520701,12.328445084652,0.04875832671408645,-0.08520443117038277,0.1556630714620108,0.11693781425483328,0.5855507367612192,0.27530167851294435,0.019298955312821813,0.01517214904720841,0.06564551920781027,0.046255722188546115
100,0.5362258180147965,1.0484822727580225,0.03758694628805786,0.0,5000,3140,1.0,6,0,1.0,1.0,1.0,1.0,12.671081236803795,12.449580489987087,0.0563825943918433,-0.08667625945145875,0.16707535473053625,0.13138350804235407,0.5676339480016237,0.2973247658333168,0.019741535909892367,0.015715126957225548,0.0625147816177113,0.04806590740541882
101,0.5350956898245882,1.0507839121344371,0.03751949088041204,0.0,5000,3170,1.0,6,0,1.0,1.0,1.0,1.0,12.797578237438758,12.570110589261493,0.06132511718431945,-0.0828678661447305,0.15573696007310914,0.154501340847343,0.5654898386665744,0.30527065443051266,0.018955723991061837,0.020166021192886057,0.06350736946215829,0.05095228724096674
102,0.5373462646186312,1.0510729750940635,0.03528212421054855,0.0,5000,3160,1.0,6,0,1.0,1.0,1.0,1.0,12.919279958843163,12.717160192288969,0.07153517439168008,-0.09213091279257792,0.15978879864649712,0.1784958746181103,0.585761340051527,0.342837965930822,0.02253451492513315,0.02234351864655827,0.06700898309262682,0.06316483413354915
103,0.5396776661866678,1.0510810058700295,0.033121059790420654,0.0,5000,3168,1.0,6,0,1.0,1.0,1.0,1.0,13.07396245658283,12.830911537770458,0.06084097878765364,-0.08321824053167866,0.14291399650271674,0.15533380947485,0.6207119641383023,0.3266069712304703,0.02107881752637219,0.01857646838487419,0.058226735465496844,0.06329818486677026
104,0.5342226104051045,1.076669710829096,0.024383304021380895,0.0,5000,3147,1.0,6,0,1.0,1.0,1.0,1.0,13.209049872980286,12.966585360930942,0.05710812556357976,-0.09224206648755097,0.12266864952476428,0.15671905947822387,0.6389610279583795,0.3177921033513684,0.01606715338540804,0.020893520875363218,0.04965345390277799,0.05462803649095098
105,0.5337835427453228,1.0844672011091532,0.020536761536816068,0.0,5000,3166,1.0,7,0,1.0,1.0,1.0,1.0,13.347307653689594,13.077050746054105,0.06374009733317257,-0.11259631610059265,0.10985405104728889,0.16149354257947462,0.6164428190229736,0.3391789968509335,0.01306941877822401,0.020336427183971804,0.06122948591486503,0.05110209838966658
106,0.533495983638072,1.0878790339047946,0.0190194015331356,0.0,5000,3177,1.0,7,0,1.0,1.0,1.0,1.0,13.463281342512634,13.193295602461136,0.07227189700010178,-0.11303710721121059,0.12201010631664794,0.14894957015379692,0.6140380433191635,0.3579797736195038,0.015840380221662467,0.020753616474288448,0.07823892035427728,0.0483485110251148
107,0.535426131691847,1.0815446499816743,0.020760132837644857,0.0,5000,3167,1.0,5,0,1.0,1.0,1.0,1.0,13.583225297097664,13.320432496258494,0.06724384415113091,-0.11457238987215924,0.10847006979555067,0.1521609743698347,0.5838435424513958,0.369270279135999,0.01567360980857631,0.02247232271961159,0.09717415035392621,0.048279996732043154
108,0.5374940943678074,1.0759022805118568,0.021954161387991892,0.0,5000,3165,1.0,6,0,1.0,1.0,1.0,1.0,13.694379673609207,13.427162456159138,0.062092259779517066,-0.12085184360705183,0.10231211958325985,0.1501929896371043,0.5289187080909328,0.37913368049475177,0.014555762704181439,0.021393658356165936,0.10946838899572167,0.050500027338847966
109,0.5381145488879091,1.0742240883498624,0.022364665076297762,0.0,5000,3158,1.0,6,0,1.0,1.0,1.0,1.0,13.827259781746942,13.556565306687776,0.06972767670695261,-0.12238950730906319,0.08971889840140411,0.12467868746402037,0.4634535634980844,0.38701725245190743,0.010851077755582965,0.016214262762166903,0.09800372706365111,0.0486489488604606
110,0.540033573791872,1.0727145035763972,0.021399339733838296,0.0,5000,3136,1.0,6,0,1.0,1.0,1.0,1.0,13.957239653476297,13.67338944566115,0.0998837807129731,-0.13686029198877506,0.09503152792044195,0.11813907032986964,0.4463799586986389,0.3810212740124432,0.011289057221366472,0.015288774862472735,0.0916096268905977,0.04789147777223026
111,0.5394477586030826,1.0737998650288219,0.021331721722257776,0.0,5000,3211,1.0,6,0,1.0,1.0,1.0,1.0,14.09596568043347,13.815994404350375,0.07796524772026345,-0.12159823664465592,0.10465618382505172,0.10859420714615418,0.40514668368988827,0.34650725573613905,0.012393800979311163,0.014697281420489055,0.08920591167558953,0.05049907357666759
112,0.5375071358089462,1.0751246541779376,0.022406414227716748,0.0,5000,3147,1.0,6,0,1.0,1.0,1.0,1.0,14.225785397213487,13.93998387760189,0.09109789999706422,-0.11122560312467833,0.1127458777960076,0.10566038735220001,0.360677963672037,0.32914452202090366,0.014559268518508174,0.015397690643002199,0.06375142823540743,0.0420034750548127
113,0.5384623295403133,1.0734452266427459,0.0223812301041032,0.0,5000,3131,1.0,6,0,1.0,1.0,1.0,1.0,14.338077391929554,14.063203604360142,0.1007414893571262,-0.11537849388744009,0.11717011085001684,0.10332677865328645,0.33367162046866383,0.3064397773881878,0.015707200269250758,0.012745075859090566,0.05831070221480862,0.03742675833565442
114,0.5391578274699778,1.073555811365232,0.021636629446813424,0.0,5000,3155,1.0,7,0,1.0,1.0,1.0,1.0,14.459807706217491,14.178313116202842,0.1179903417463744,-0.11044400635094896,0.12350732173731224,0.11951945342898862,0.3679386718505688,0.2921470603753016,0.015894518514523975,0.01679001382085442,0.06205873617712088,0.043441611624894384
115,0.5393360216347425,1.0733281445429883,0.02163789988790637,0.0,5000,3174,1.0,6,0,1.0,1.0,1.0,1.0,14.576916140670958,14.296189298907397,0.13363567581244265,-0.12673361547305673,0.12307893156349393,0.1356739341129781,0.38310644455001014,0.2935250416061783,0.016745552760260133,0.019888817716934657,0.06507180274403154,0.04151874547590608
116,0.5382888051068563,1.0754294595234077,0.021551404823906856,0.0,5000,3124,1.0,6,0,1.0,1.0,1.0,1.0,14.693412058637403,14.425538840064519,0.12737565796546974,-0.1199526371170486,0.12256602075194656,0.13287839897989034,0.3748797364003641,0.30113810796983037,0.016231679754451785,0.019571710904961685,0.06521377035607727,0.05208365481345927
117,0.5410986857743637,1.073402368732765,0.02018591096380283,0.0,5000,3187,1.0,7,0,1.0,1.0,1.0,1.0,14.817626976736639,14.534611651410733,0.1172562749631527,-0.11674224129729957,0.1259128262628643,0.1400481604493424,0.3440851018277311,0.362541591515557,0.015400813939057312,0.019507418767902095,0.056819755295039555,0.07328236507666402
118,0.543265945559564,1.070881294230161,0.01946325942523064,0.0,5000,3116,1.0,9,0,1.0,1.0,1.0,1.0,14.927438056398444,14.664679797399094,0.11818013723981445,-0.10382109332042236,0.14725207742795712,0.1469618920999375,0.29960392855935775,0.4480224033928132,0.018467316832763456,0.019276187926615514,0.04924415006608752,0.0889749607323788
119,0.539574544587926,1.0738847792483326,0.021254801186830978,0.0,5000,3185,1.0,7,0,1.0,1.0,1.0,1.0,15.05159030632941,14.783208008816269,0.1130495881115982,-0.10705599466785552,0.1469385506334471,0.14545342037623957,0.2939957821771627,0.4696722603911856,0.017104126135314927,0.02527126054992788,0.04959263201113787,0.09130997237632835
120,0.5412379462282053,1.0686187372378277,0.022692071817493872,0.0,5000,3153,1.0,8,0,1.0,1.0,1.0,1.0,15.172477071514557,14.91139285844053,0.10773138766264741,-0.12555154005774888,0.1345066833004435,0.13118534700345408,0.2715710879202669,0.4638859796862063,0.014648360847084657,0.024900655307558712,0.04256364886933618,0.07953179271397591
121,0.5452460139579887,1.061528349506881,0.022753623867466866,0.0,5000,3158,1.0,6,0,1.0,1.0,1.0,1.0,15.304182171515636,15.037032196574481,0.11935418492251837,-0.12763168949430467,0.12185225390033545,0.10192161652743899,0.27167097701690707,0.4172392930662729,0.014954921638295931,0.014076944312400289,0.0373307363525507,0.07094757568859317
122,0.5430921529050744,1.058779974826207,0.026026174111353245,0.0,5000,3168,1.0,7,0,1.0,1.0,1.0,1.0,15.450995307309633,15.1585040997078,0.10910010937865783,-0.14654789374237048,0.12072439097644294,0.09769422398636687,0.3127717816430671,0.4127207727043965,0.017360211531972706,0.011134736517123427,0.04956775366539345,0.0573872711139055
123,0.5428008533036393,1.056844251347131,0.027338744005447363,0.0,5000,3151,1.0,6,0,1.0,1.0,1.0,1.0,15.578804309923331,15.271162557687298,0.10250738823898933,-0.14376317176893935,0.10820054829769064,0.1129117317492369,0.38279078899041297,0.405610852727904,0.015506094877306831,0.015385441569764867,0.06510753101448798,0.05259269874308436
124,0.5376773719691766,1.0690536997183628,0.025357159743343568,0.0,5000,3166,1.0,6,0,1.0,1.0,1.0,1.0,15.730512499106725,15.40141959791203,0.08908560891184561,-0.14281097295366887,0.10349859299685996,0.13010879648711562,0.4402977632618129,0.3918432336859442,0.014170846770685546,0.018890058412635694,0.07029083774618862,0.054820317942030204
125,0.5369583833084511,1.0711298034415149,0.025099399284937547,0.0,5000,3168,1.0,6,0,1.0,1.0,1.0,1.0,15.849097185751505,15.531310574049614,0.0749413543264602,-0.147105917858126,0.10529151404635316,0.13135549243202374,0.44572176877042796,0.41944167721385656,0.014518986889167857,0.018100333691564302,0.07989822679947654,0.07142240094373867
126,0.5405223689896913,1.0686492360200017,0.023384326181758654,0.0,5000,3164,1.0,6,0,1.0,1.0,1.0,1.0,15.997279179682113,15.66299881098988,0.06114375509404603,-0.15080016854981446,0.11187591608447808,0.1265722027805273,0.4334129876788501,0.43406564544683207,0.013324556913444474,0.016962762139409365,0.08402896257932282,0.0801933890794645
127,0.5473995056398978,1.0613285387953755,0.021309294195872908,0.0,5000,3138,1.0,6,0,1.0,1.0,1.0,1.0,16.1242431699598,15.784824783015742,0.06624483820345156,-0.1395936295446939,0.10692119236977424,0.140523728880155,0.4960888899447267,0.4485227438039103,0.012063193911261764,0.02179474490016231,0.07599722174166787,0.06659791437404627
128,0.5495227804150369,1.06402545177146,0.01791089528206821,0.0,5000,3152,1.0,6,0,1.0,1.0,1.0,1.0,16.249751007978652,15.901582131257252,0.057972366141654054,-0.13348100931773313,0.12486781576011649,0.13055714376552738,0.5597382503973938,0.4484688386787827,0.014996197423692325,0.01775430842612278,0.05876132270259152,0.05316193885496972
129,0.5528509507994992,1.0601119844936222,0.017118356753780126,0.0,5000,3142,1.0,6,0,1.0,1.0,1.0,1.0,16.368675451123153,16.015682179027078,0.054296666495191784,-0.11483133933787272,0.1299555020651512,0.1419754408781293,0.5934350403702362,0.4656513202922705,0.01635103377496095,0.01649387926410381,0.05217020089568698,0.0552803510016545
130,0.5544838579250831,1.0581718198454282,0.016704794063925398,0.0,5000,3186,1.0,6,0,1.0,1.0,1.0,1.0,16.48982202037218,16.144859670820708,0.0551314022133934,-0.11474232261015095,0.1360227110707332,0.13679887142362587,0.632443882323053,0.4814985118435121,0.017278623482458948,0.016690199251846186,0.05039082392500995,0.05872922182594815
131,0.5514438199105353,1.0622904146247616,0.01699000454548013,0.0,5000,3136,1.0,6,0,1.0,1.0,1.0,1.0,16.622690889238818,16.244998580044935,0.06193296536369175,-0.11333035074886727,0.14053443763289783,0.13362751546953672,0.6944066541943932,0.48672547427919155,0.019992330004137884,0.01708362882674859,0.04792934703340077,0.06030611091508116
132,0.5501610132167778,1.0659203283637604,0.016196978770332906,0.0,5000,3152,1.0,6,0,1.0,1.0,1.0,1.0,16.74852858014231,16.355603177090217,0.061874961431205994,-0.10100426298918122,0.13980401333363107,0.12349069999499952,0.7162210604311401,0.49885565755802774,0.01974547844284501,0.016743323905059268,0.04721832635266141,0.06442800051834006
133,0.5485390739581109,1.0681471672109928,0.016244934305043677,0.0,5000,3169,1.0,7,0,1.0,1.0,1.0,1.0,16.864357855881742,16.483240201133746,0.06891077930784893,-0.09908057235559566,0.13947739684229796,0.12025738090700169,0.7130605497469967,0.5021491075750749,0.019989721613754233,0.016555103037816987,0.046637353872368364,0.06358112330319698
134,0.540580659282003,1.0772943396633452,0.01841136913324295,0.0,5000,3154,1.0,7,0,1.0,1.0,1.0,1.0,16.99298349397101,16.621157129956526,0.0746583608989262,-0.10600530486993473,0.15906259403942372,0.12849112449207192,0.7067586618326976,0.5099775856381485,0.024276377278192207,0.018140987099528914,0.04635113042046206,0.07250463404967172
135,0.5393319209117923,1.0781036029225848,0.019091777392718782,0.0,5000,3188,1.0,5,0,1.0,1.0,1.0,1.0,17.115842382032017,16.749207204311908,0.08581749028014952,-0.10112991613241368,0.17176444560370868,0.12945645527450939,0.6876625525880541,0.49296520837585683,0.027749726863772906,0.01837511115192549,0.04956549470748256,0.06896741324937919
136,0.5409904494455339,1.0770786303415085,0.01823524062066535,0.0,5000,3150,1.0,7,0,1.0,1.0,1.0,1.0,17.225233820813862,16.8744813293635,0.0867602370305822,-0.08602858448755532,0.16699687143776656,0.12875474969611087,0.673558727825986,0.4954175579931498,0.026917669545555235,0.018429988055728395,0.04995049626461607,0.06879325402829686
137,0.5414881460343138,1.078338117616665,0.017165983456956583,0.0,5000,3155,1.0,6,0,1.0,1.0,1.0,1.0,17.343469956744723,16.99775991990521,0.07187853166366885,-0.08661556874695814,0.15466955620227035,0.12494064505012809,0.6456889905706318,0.4810484021726582,0.022918176754747232,0.016146310538439075,0.044396937632473196,0.061236866135909236
138,0.5429387406403624,1.0770906538514933,0.016505149617694084,0.0,5000,3180,1.0,6,0,1.0,1.0,1.0,1.0,17.454955040329832,17.13355515491396,0.09164228471194143,-0.08517855601163433,0.128184381627716,0.12681207936344305,0.6277240947116667,0.46267080968402763,0.017225714560488464,0.017234150364877552,0.04521736017830083,0.05516193782351188
139,0.5447456645028919,1.070908850354166,0.01818565254291841,0.0,5000,3187,1.0,7,0,1.0,1.0,1.0,1.0,17.56178309678712,17.27279027784396,0.09054290724831739,-0.09080941826984812,0.11421090108259807,0.09763755360052014,0.6009253994480603,0.440240810429484,0.015723615334958425,0.012607275143576523,0.04372429473763955,0.05666430481576133
140,0.539468981261268,1.0770047413296544,0.019555479988793627,0.0,5000,3178,1.0,6,0,1.0,1.0,1.0,1.0,17.69677555248916,17.408347922406517,0.08122758936585145,-0.0826960111192639,0.11365959940743556,0.0976553060265321,0.5959847808069618,0.4453940271574596,0.01706478919133725,0.01263290733871769,0.04770073209520306,0.0646731090162687
141,0.5386166261020936,1.0765889790963727,0.02066897765591733,0.0,5000,3156,1.0,5,0,1.0,1.0,1.0,1.0,17.81173953252351,17.5333317226507,0.09264773076329387,-0.09068581055756966,0.10844179803316131,0.10857528830854035,0.5993595839864979,0.4961440913279438,0.015642224824817683,0.013622482252396262,0.04619573746594833,0.07482273019974242
142,0.5443703091154737,1.070080795204549,0.0190124389848534,0.0,5000,3142,1.0,7,0,1.0,1.0,1.0,1.0,17.93940188858099,17.646305050227706,0.0896943964066394,-0.07951823933419068,0.09685565535544119,0.12647334129312254,0.6228419575750249,0.5648810978882504,0.014239585902717573,0.01618559844939457,0.04852374205908387,0.07764177005981501
143,0.5436757407213607,1.0732706309832092,0.01790800850829485,0.0,5000,3200,1.0,6,0,1.0,1.0,1.0,1.0,18.051736330989314,17.768007319812725,0.08895938056920277,-0.08817162340804843,0.09546622747381478,0.13767481842108328,0.6190631837502238,0.5775924203729917,0.011915000343324855,0.018586789452751162,0.05812176453825639,0.07687221969384202
144,0.5399670204940908,1.0800510416571651,0.017423715628421634,0.0,5000,3172,1.0,6,0,1.0,1.0,1.0,1.0,18.182774131373954,17.901022303333203,0.10860721178889395,-0.08279899310602075,0.11040635879635724,0.13392458164067675,0.628877627672246,0.557465474169714,0.015823963481141734,0.019031846043758086,0.061013476863916186,0.06528684722895693
145,0.5377086375419696,1.0861626018371553,0.01618125876948335,0.0,5000,3147,1.0,8,0,1.0,1.0,1.0,1.0,18.308098818400175,18.022332095523176,0.112362689000114,-0.08277174888560047,0.12203888039533049,0.14247194501063903,0.625978069176041,0.5279501657291703,0.017111243569401448,0.018544632870266285,0.06709566251812354,0.07206120081282025
146,0.5355445252931711,1.087096903377232,0.01760778650602175,0.0,5000,3124,1.0,6,0,1.0,1.0,1.0,1.0,18.42639204252846,18.151564549833235,0.11743773723067676,-0.07769191835994294,0.132665229262771,0.14335240818760636,0.6368447327734862,0.5145394600548893,0.022113809605365527,0.02017918144854073,0.07928168592600075,0.07884411687737844
147,0.5384248557478911,1.0783806788175234,0.019824576502102488,0.0,5000,3141,1.0,7,0,1.0,1.0,1.0,1.0,18.544182264408082,18.2719292557101,0.11698054143091938,-0.07446210889308126,0.12973981006499952,0.13289212715477067,0.643230673682387,0.5200964191063332,0.01983740059654488,0.016776851620162802,0.0802061402996445,0.08527607996414105
148,0.5405758302537977,1.072501308198044,0.02099032689451648,0.0,5000,3151,1.0,6,0,1.0,1.0,1.0,1.0,18.6727606914369,18.378394867360942,0.13593439070709337,-0.09797703439699947,0.11760694457982632,0.12243731370249884,0.6300551482746307,0.520012663863289,0.013735285161911562,0.014206068320331684,0.08946293942881749,0.08855577343914782
149,0.5373259491522765,1.077924589317075,0.02104401703391556,0.0,5000,3170,1.0,7,0,1.0,1.0,1.0,1.0,18.80260720354797,18.500188212279863,0.14066995812128458,-0.09520156388917783,0.12660045221360272,0.12472726022845813,0.6080365291137024,0.4975344948234436,0.01651367685507097,0.01704671911095153,0.08879305910971433,0.08108280604931352
150,0.5412967979889396,1.070517548671929,0.0214707251307855,0.0,5000,3179,1.0,6,0,1.0,1.0,1.0,1.0,18.909871455650826,18.601127564971964,0.1401631259099157,-0.07915841126042601,0.13147133736622385,0.14379241309081853,0.5894244416567759,0.5239748527206046,0.018985202058457728,0.021195148664347352,0.08782464646258205,0.07449893287296207
151,0.5388835456511326,1.0778585433350165,0.019630197882092453,0.0,5000,3169,1.0,7,0,1.0,1.0,1.0,1.0,19.047706735159682,18.72097181063383,0.12706603281243106,-0.06427424583509485,0.13158243881592488,0.15274942465475566,0.5865002049555056,0.5353831029787469,0.018394403234646337,0.023503430914425923,0.08497430297229021,0.07728987052778086
152,0.537161444420925,1.082757623941953,0.018493097477335557,0.0,5000,3164,1.0,6,0,1.0,1.0,1.0,1.0,19.160191828340736,18.85140657794677,0.1380278382824449,-0.068826687640258,0.1398089265661143,0.12291690029096954,0.592556436923376,0.5182912098825821,0.019975138592426372,0.018006584805579824,0.08973618331237189,0.0912497345769176
153,0.5389745824177695,1.0818226907061783,0.017426677162138467,0.0,5000,3211,1.0,6,0,1.0,1.0,1.0,1.0,19.27625327150898,18.993918463277257,0.1344075252720546,-0.06510047283548709,0.1306848706389547,0.12037024560397547,0.6014353957910553,0.5449305980293697,0.0204400454727532,0.016340552092282995,0.08670137371694402,0.09569957682423552
154,0.5414287169780602,1.0749984861848887,0.018899394365740445,0.0,5000,3184,1.0,6,0,1.0,1.0,1.0,1.0,19.40686170244485,19.122228286725964,0.13254743910265024,-0.07545214846642666,0.12325740563578276,0.11724129309634597,0.5794288160255644,0.5169603735441604,0.018856483528372728,0.013265591910073982,0.08909624880334299,0.0885410971346093
155,0.5411598880884387,1.0739778880530497,0.019590700659920805,0.0,5000,3193,1.0,6,0,1.0,1.0,1.0,1.0,19.516450664346557,19.237620350495764,0.1285558657580708,-0.07267850156326223,0.1107049144110708,0.12760778779338303,0.5698545076953841,0.5028359752522449,0.015271817957215966,0.016941725249255624,0.09719654843934732,0.08547396864967705
156,0.5386076257219549,1.0769243588113404,0.020291708664283228,0.0,5000,3124,1.0,5,0,1.0,1.0,1.0,1.0,19.626840230169663,19.382332654127563,0.11754596261935057,-0.07343949877270328,0.10382538762360002,0.13315122385844372,0.5685586036753152,0.4899386527917124,0.012525579293913612,0.017537726672083174,0.09230412291114286,0.08714477265798819
157,0.5356198681325237,1.0810764957183674,0.020930404848909116,0.0,5000,3132,1.0,6,0,1.0,1.0,1.0,1.0,19.763755540460796,19.50997402028213,0.11792909785525245,-0.0845788102528621,0.1115242109026818,0.1336025983631491,0.5574415988686664,0.444007043698631,0.014441909298113988,0.018573627830503196,0.08653950349891933,0.08451328747515316
158,0.5404955174113764,1.070523693876274,0.02221704377274034,0.0,5000,3154,1.0,6,0,1.0,1.0,1.0,1.0,19.88433490899113,19.626061749171054,0.12143574862440551,-0.09119652119814996,0.10709332186868105,0.15410939223900463,0.5419316727349869,0.4250703697367958,0.014018143881632793,0.023969829951523136,0.07717323516847889,0.08919080869732966
159,0.5441629347515129,1.062892181787299,0.02302291143087657,0.0,5000,3137,1.0,6,0,1.0,1.0,1.0,1.0,20.013019658381765,19.750091411789725,0.12217658707195,-0.11018377755845223,0.10407649074668164,0.13620910110440462,0.5314261498986413,0.4154252556685252,0.012833413183603627,0.019853873020586384,0.08117922821874946,0.09411591464734215
160,0.5446364388312205,1.0587212294236006,0.024774606667285783,0.0,5000,3213,1.0,6,0,1.0,1.0,1.0,1.0,20.135590802293265,19.86637470777415,0.12356923987435868,-0.11403075856578243,0.11637974027342714,0.11887376573481254,0.5227250010529325,0.36965677632956834,0.014911419928629568,0.01706893050740155,0.07337786009270619,0.09562734648117263
161,0.5426461944056715,1.061021546879875,0.02524687373963589,0.0,5000,3138,1.0,5,0,1.0,1.0,1.0,1.0,20.27750395342221,19.98913476350847,0.11543407459820042,-0.10795309660757009,0.12440980345936528,0.10915484788806498,0.49646623749058727,0.2853587070976303,0.014930780748398965,0.013683509018640154,0.06908206092616885,0.07573480225998949
162,0.5380186612733203,1.065600522040171,0.026947864944916442,0.0,5000,3163,1.0,6,0,1.0,1.0,1.0,1.0,20.408883019949922,20.12198512105964,0.12947480396585456,-0.11476533554582279,0.13420854696161227,0.10460038782002715,0.44001705275365965,0.24178926259939312,0.018881309601748296,0.01241705829246977,0.07915986299058753,0.06492391911578183
163,0.5374913429375275,1.06106098587907,0.02995214177292924,0.0,5000,3185,1.0,6,0,1.0,1.0,1.0,1.0,20.53914985469819,20.239985418716,0.14872553308707567,-0.09091777364044054,0.14689191683130648,0.09780333940590633,0.4014599564464517,0.2491612381728149,0.022755623231189563,0.011554506119754691,0.07365247747068511,0.05429538495550525
164,0.5419002169612357,1.0527695839951945,0.030434861219288047,0.0,5000,3149,1.0,7,0,1.0,1.0,1.0,1.0,20.670242968161475,20.365169757142652,0.14221950299382521,-0.09624064992252578,0.14977629332764242,0.10109524553014033,0.4232806303137276,0.25388173989063095,0.025407158329879068,0.013642072694750292,0.0753531602826521,0.0592335111069573
165,0.5409100255510008,1.0508500630735162,0.03221544476299047,0.0,5000,3154,1.0,7,0,1.0,1.0,1.0,1.0,20.793472956214135,20.492049098440134,0.14266785840156962,-0.1008521148504185,0.14647208478901,0.11359004369189452,0.44483556347937503,0.25440718716210725,0.02585790954159878,0.015178797926222797,0.0793778860780601,0.06429178304729102
166,0.5398216254812535,1.0537921874624792,0.03162467193177585,0.0,5000,3170,1.0,6,0,1.0,1.0,1.0,1.0,20.927355581112323,20.630516834149937,0.13970578804705072,-0.09975412316561383,0.14672484937535574,0.1274827202078411,0.4813528137883815,0.2393049241084559,0.02386854035229231,0.016494565490562735,0.0872123039408286,0.06184846248591896
167,0.5413877920262598,1.0483424905260117,0.03309522484383118,0.0,5000,3125,1.0,6,0,1.0,1.0,1.0,1.0,21.040795953121375,20.762757338733827,0.12783772708954927,-0.11445656828240294,0.14944094942264494,0.13164928146123053,0.49400864138955697,0.23956540475223392,0.02221917496880302,0.01835968227776313,0.09291791071178318,0.05851231528313278
168,0.540312264719679,1.055609121985093,0.030232031675284224,0.0,5000,3131,1.0,6,0,1.0,1.0,1.0,1.0,21.163242034017323,20.88500584288994,0.1241728245170444,-0.11700700528609127,0.1404757985669284,0.12759936654310597,0.5853377850939671,0.2155344559484659,0.019909741682682478,0.0179466041513962,0.08528460239588508,0.05383951520875645
169,0.5372602657933552,1.0637609610166845,0.028596299623890403,0.0,5000,3152,1.0,6,0,1.0,1.0,1.0,1.0,21.28231475312365,21.012571529453705,0.11510178955040157,-0.12922639153328605,0.14749829630076808,0.13389789719782635,0.6194857166925931,0.1980723461760072,0.022896106147979715,0.01668821682043835,0.08827626538020948,0.05031151388487331
170,0.539136464127574,1.0648591984007296,0.0262686566382376,0.0,5000,3186,1.0,6,0,1.0,1.0,1.0,1.0,21.418680870090565,21.130406316835668,0.09421048933936113,-0.13830889348791056,0.13819099949592814,0.1369653659602612,0.6569556175517431,0.1945180993982689,0.01859276523490754,0.01821861638216995,0.0884523422847117,0.05244878826794398
171,0.5374138799605638,1.0675675731904282,0.026421049023676223,0.0,5000,3178,1.0,8,0,1.0,1.0,1.0,1.0,21.53314060168267,21.261860847558836,0.1024314376037341,-0.1262418413959958,0.13853104319238893,0.12891076389507955,0.6672776816220473,0.18728605418107494,0.02000888231777692,0.01887316019674802,0.09085033533001283,0.046252188989448426
172,0.5344105329608214,1.0737453414236342,0.025757806238513273,0.0,5000,3166,1.0,7,0,1.0,1.0,1.0,1.0,21.661750413673943,21.386967688901194,0.09745448212277243,-0.09556238249326196,0.14650940464837245,0.14706730503904974,0.6459006294137978,0.18072222157441528,0.024955116790983452,0.02296835733618213,0.09668519580238204,0.03824203883653286
173,0.5307039348227705,1.0794640552433115,0.026069997156050833,0.0,5000,3155,1.0,7,0,1.0,1.0,1.0,1.0,21.78031234811505,21.521537115281806,0.11116460434328938,-0.09477339190548119,0.14830575519747888,0.16558914292943674,0.5605305856761341,0.21537138002301434,0.022657380459834005,0.0276363912046066,0.10638084412122195,0.04852749190674806
174,0.5320420087729021,1.0682845923158029,0.030963225376282776,0.0,5000,3179,1.0,7,0,1.0,1.0,1.0,1.0,21.904948123753595,21.659632489160597,0.11741581143883473,-0.09450430508644633,0.12432170686059388,0.14396524065014973,0.42847811612076336,0.2761551171508378,0.017595274301740415,0.02339937693710778,0.10887957728062597,0.0794800864656754
175,0.5369729580844889,1.0517125140183834,0.035307154163843224,0.0,5000,3180,1.0,6,0,1.0,1.0,1.0,1.0,22.024121238366906,21.78155945343311,0.11227914110531745,-0.09670383000308104,0.10900727561624383,0.12779242650573233,0.36428696371077596,0.29878164630801896,0.01436901148585221,0.017817301208980833,0.1005966532579767,0.08921868371196066
176,0.5382944790294707,1.047790748814378,0.036162987752914176,0.0,5000,3128,1.0,6,0,1.0,1.0,1.0,1.0,22.142871865115442,21.906445166252396,0.10083981026872879,-0.09819459332103299,0.11329333983049569,0.1307288283263897,0.3462014744006124,0.3646449700827243,0.01449583875502239,0.018518594141561734,0.0945284603294992,0.09989728666075715
177,0.5357297371381774,1.0523989543797827,0.036061645513602955,0.0,5000,3199,1.0,7,0,1.0,1.0,1.0,1.0,22.286507009072924,22.036233316256293,0.1043239872305078,-0.10773621206361794,0.11747576668856491,0.12408967525773257,0.3094451033453953,0.42614154841189866,0.016493578132069423,0.016941773120812773,0.09284653889587735,0.10529826261777164
178,0.5387634772448423,1.0519878191933116,0.033609492500650796,0.0,5000,3182,1.0,7,0,1.0,1.0,1.0,1.0,22.432227637645987,22.173558914403436,0.09904043755489028,-0.11096801622682038,0.1245462108446959,0.10437171390063084,0.2862612235005061,0.47980562464974347,0.017028630312087113,0.01296662700300406,0.08133999862729097,0.09422957184232184
179,0.5396068435086114,1.0501097426088195,0.03388368040463379,0.0,5000,3217,1.0,5,0,1.0,1.0,1.0,1.0,22.555350893455028,22.300905262018684,0.1239496498824801,-0.11765945454723523,0.13304048347456543,0.1000171580514024,0.2479731864572879,0.49011241049259324,0.018820973633956885,0.011290638518738348,0.059403143264100025,0.08338436471093383
180,0.5404852878624763,1.054235296492116,0.03074747478773448,0.0,5000,3189,1.0,6,0,1.0,1.0,1.0,1.0,22.680923424124273,22.437421098913337,0.1428283721351698,-0.12027751893537691,0.13325079047469848,0.09927701159674351,0.202455450964413,0.4774306138770558,0.017427266339250787,0.011338855256101739,0.051802648675949664,0.06584327564918237
181,0.5390491335288907,1.0581685017814477,0.029965121762029912,0.0,5000,3149,1.0,6,0,1.0,1.0,1.0,1.0,22.802474892234738,22.548044130922225,0.144104543397629,-0.13179601180769882,0.13594169583618063,0.10432476379501925,0.1928893100769584,0.49470630034251434,0.01766876438153979,0.012872041611671258,0.045440608723775915,0.06914053035343967
182,0.5387932886292088,1.0578739825266281,0.030398530598337557,0.0,5000,3138,1.0,7,0,1.0,1.0,1.0,1.0,22.924547462279158,22.658298232943633,0.1229890583361739,-0.15286225837023348,0.13499921024289915,0.11658781827777852,0.2096748960440355,0.48315348843270056,0.01826502782155158,0.015186854737972997,0.04485310393050335,0.0782647769159984
183,0.5390394839689292,1.0574404909202664,0.030436850169228407,0.0,5000,3186,1.0,7,0,1.0,1.0,1.0,1.0,23.03738988081839,22.782172475989245,0.11021907409799606,-0.14996413528155875,0.1431008957284791,0.11301815980858762,0.2373131364564198,0.5008212786081857,0.02124511205334828,0.013988556117138574,0.044119881385151605,0.08058476521619183
184,0.5433774425668095,1.0518493078723326,0.02974354878427321,0.0,5000,3162,1.0,7,0,1.0,1.0,1.0,1.0,23.156415296200915,22.89849307474344,0.10980724968640276,-0.14898306669732037,0.1740172560490558,0.10522502657926328,0.26047004802333307,0.538902793766616,0.027388191067541146,0.013457835176498659,0.048074060531097515,0.07995806286538064
185,0.5508928884420927,1.0468226223876074,0.02577902485774342,0.0,5000,3142,1.0,6,0,1.0,1.0,1.0,1.0,23.27370956710523,23.003735594614746,0.1055820832528016,-0.14382165607662112,0.1754353181948817,0.10081002971280018,0.27036942557172544,0.589338579702576,0.02564229300078181,0.012082689501807404,0.04856150898628053,0.08083124860294642
186,0.552736402398767,1.04819961997267,0.02336108238599341,0.0,5000,3167,1.0,6,0,1.0,1.0,1.0,1.0,23.402080498128477,23.12052782312408,0.10895489630410392,-0.14667330548167676,0.19858114359963716,0.09538453294763503,0.28860665164625665,0.6348269670044501,0.02936433796938755,0.01024649171977475,0.04895396881068575,0.07023147237022448
187,0.5519704611740047,1.0540865778963762,0.020858819226851122,0.0,5000,3150,1.0,6,0,1.0,1.0,1.0,1.0,23.531977162804218,23.232512219964057,0.11504313650802528,-0.13388701663642355,0.20260101120230645,0.10499873528616004,0.306025923880862,0.6709257717490628,0.03019568197546694,0.012512062132929824,0.05028779297592582,0.06296795913445191
188,0.5451064766084441,1.067852492950521,0.01956968720658388,0.0,5000,3175,1.0,6,0,1.0,1.0,1.0,1.0,23.65808466586941,23.343024977256057,0.10847075814578044,-0.13545358224512963,0.21804095243216884,0.12885130518299753,0.2856105191236246,0.706576327046714,0.03530582312017224,0.014724461469582993,0.05098892410138645,0.052032463042237964
189,0.541768351185563,1.0745139286925633,0.018872781462534904,0.0,5000,3176,1.0,7,0,1.0,1.0,1.0,1.0,23.781051268544093,23.486490200275036,0.09805769335707987,-0.12180954193672086,0.20292721462697955,0.14303323394015596,0.27126934900933164,0.7292665781494906,0.02788409504603039,0.01895711642249451,0.0467948542912736,0.050142813629619386
190,0.5400173761700706,1.0757244455158985,0.019816012137896723,0.0,5000,3170,1.0,6,0,1.0,1.0,1.0,1.0,23.886776633266365,23.612512671008247,0.10582819066799966,-0.12812110622047868,0.19211510798275674,0.14035374519321434,0.27318020215132094,0.7492747678808817,0.03138789826048101,0.018248956555948166,0.045999813499573786,0.04996432540347525
191,0.536967226976034,1.08502091944151,0.017433636570477626,0.0,5000,3158,1.0,6,0,1.0,1.0,1.0,1.0,24.030364734238834,23.74031372858856,0.10841690484465921,-0.1355881038258972,0.18635909975173232,0.11408064931530858,0.2804682581176855,0.7510466666617561,0.027177838298006095,0.014303009015435766,0.042817820785836735,0.05156748293958131
192,0.5355987642633335,1.0897289196032194,0.01612759559567718,0.0,5000,3178,1.0,6,0,1.0,1.0,1.0,1.0,24.15758966946171,23.863169209607857,0.10755747718263885,-0.1328475090797549,0.18863346225842054,0.10328649867478218,0.26635348586884844,0.7424045501478463,0.033867771625232225,0.011566824936763344,0.03993237202847003,0.05379503160056952
193,0.5346855037583288,1.0937080686784464,0.014729503284570117,0.0,5000,3148,1.0,6,0,1.0,1.0,1.0,1.0,24.275008896906478,23.98832304732065,0.10872313356998603,-0.12591047198417032,0.16879540943157914,0.11781016387004438,0.2848460489419836,0.7160265783335249,0.031064141429025135,0.01413624919350907,0.043091250198087565,0.06971556240338288
194,0.5343004613399769,1.0926443779417363,0.0157249710774148,0.0,5000,3192,1.0,7,0,1.0,1.0,1.0,1.0,24.38934870041774,24.11153323786933,0.11581045489501009,-0.1137580662287681,0.1495459776097253,0.1279581496182488,0.29562068451885687,0.6864371337768371,0.027171047873810528,0.017037615639102173,0.04209112540443527,0.08189756920418438
195,0.5372987594801222,1.0874728311494009,0.015937503200939552,0.0,5000,3177,1.0,8,0,1.0,1.0,1.0,1.0,24.509338363198186,24.207683119273437,0.12498964655364779,-0.1225017833035375,0.12489170225573161,0.13583750254430466,0.31343903519643174,0.6971790783301108,0.02043133853633843,0.017721841871304104,0.04161208207583643,0.08047885824332367
196,0.5394263079489906,1.084885164058745,0.015404270279382489,0.0,5000,3169,1.0,6,0,1.0,1.0,1.0,1.0,24.63835399277165,24.335848379015975,0.1269083299646724,-0.1377243295840344,0.1042765052838352,0.1273606402692321,0.29355797314497584,0.7026377617136184,0.014586654317656544,0.01800303822693144,0.04108137100551604,0.08322201330625317
197,0.5407383491557793,1.081172747500277,0.016446254694210644,0.0,5000,3135,1.0,6,0,1.0,1.0,1.0,1.0,24.769031152689234,24.46770529713663,0.13252147634360603,-0.14664449759078077,0.10770219628220606,0.1316946620660526,0.29423753175685224,0.7391998456890864,0.01392938512291644,0.01804925865658582,0.04456561695020878,0.0767994728815721
198,0.5465401960922609,1.0722005467691187,0.016205954983401043,0.0,5000,3207,1.0,7,0,1.0,1.0,1.0,1.0,24.8844224902475,24.590209540653568,0.13530775276246484,-0.14046946943826485,0.10664243120499566,0.14324381712002135,0.27404092728125473,0.7638885501180931,0.01343454704151628,0.017083658216899954,0.04175311079281901,0.06409558849753264
199,0.5490863155848663,1.0691594667645392,0.015392368703410588,0.0,5000,3152,1.0,6,0,1.0,1.0,1.0,1.0,25.001162777304597,24.700585463172064,0.1248672271348234,-0.1520223210575805,0.10559727224748706,0.15553035513713767,0.27865395170219265,0.7989281894158561,0.012961901935138838,0.01741886225382063,0.04554119371891966,0.04960912936499459
200,0.5435493040967809,1.078633227403133,0.015129520687979453,0.0,5000,3197,1.0,6,0,1.0,1.0,1.0,1.0,25.13883226501756,24.81928058306323,0.13478652284346487,-0.16301404405419564,0.11553678328746518,0.16210727486645268,0.2820977303656827,0.8234850955402455,0.01329127305210545,0.02115230615773375,0.05705475822659502,0.037156131657837224
201,0.5429954836225728,1.0762225799189808,0.016867144273028337,0.0,5000,3173,1.0,6,0,1.0,1.0,1.0,1.0,25.271846632695155,24.934245449144743,0.1155872123802845,-0.165348402723916,0.1174118628354826,0.1804950488080692,0.3130041260472799,0.7988193473953269,0.01574458031994479,0.02629179995480551,0.06864413727539197,0.03831915421001166
202,0.5410930570953089,1.076010925459277,0.018678422404081452,0.0,5000,3128,1.0,6,0,1.0,1.0,1.0,1.0,25.400846048192044,25.072629942210025,0.12957508228886602,-0.17204598395200094,0.11139375345218966,0.17602228354261895,0.3128444893874469,0.7767126880927205,0.01200632535088414,0.027740934602096395,0.07438445456586698,0.03673467865875725
203,0.5364911365156421,1.0837941174334487,0.018521696672465133,0.0,5000,3161,1.0,6,0,1.0,1.0,1.0,1.0,25.536837837231435,25.20099456589896,0.13096681621838138,-0.17814539609319938,0.1267169458081012,0.19438691618717918,0.2908119826512889,0.7777691691419909,0.014479374293825925,0.04024922260361991,0.0793161283720904,0.033346818614677136
204,0.5350424125955814,1.084316720370513,0.01968964482831458,0.0,5000,3180,1.0,6,0,1.0,1.0,1.0,1.0,25.664126835042183,25.324024875081886,0.14029264141879644,-0.18725383972241255,0.11299584846327732,0.17738519503319675,0.2890371533758342,0.77767479715889,0.01374036081036894,0.035535013435998186,0.08800382335939341,0.03528336276196744
205,0.5360908192333783,1.0775891257971455,0.022199847585704705,0.0,5000,3167,1.0,6,0,1.0,1.0,1.0,1.0,25.795939717090643,25.445854840152645,0.1292571081374514,-0.17871248646790913,0.12164694398860697,0.20014564346142638,0.3103838951993292,0.772264613294849,0.016299703207122693,0.05248514045545132,0.08791654111316197,0.038415173017806725
206,0.5302929105027537,1.0840328224691838,0.02399465557068375,0.0,5000,3127,1.0,6,0,1.0,1.0,1.0,1.0,25.935363029833724,25.577188966142195,0.13308440295326174,-0.18770553154354444,0.12212571177527987,0.19739975223415912,0.32998117471155963,0.7573225980665261,0.014965283152479207,0.04514598805856581,0.09545603113881548,0.04488846932453576
207,0.5297835574563816,1.0899874879941407,0.021199676686283354,0.0,5000,3192,1.0,6,0,1.0,1.0,1.0,1.0,26.06137355933193,25.708690371522984,0.13849986462451636,-0.16774559177167372,0.11205055295334883,0.13412300366991414,0.3743589599513469,0.7505169428404083,0.012967671052411367,0.021635881761560085,0.10542473496113192,0.055000683522137626
208,0.5327911887526522,1.0887539083657174,0.019157521451270955,0.0,5000,3165,1.0,6,0,1.0,1.0,1.0,1.0,26.192696730924407,25.834726366599554,0.12885188718821664,-0.17453142876047895,0.11991999059828115,0.11001975792191707,0.41034129780273443,0.7445499713753324,0.015310325350613508,0.01374347162504325,0.10389689126611354,0.05727198251525683
209,0.5359120813851825,1.0852633004556211,0.018275754737548663,0.0,5000,3124,1.0,7,0,1.0,1.0,1.0,1.0,26.311690201457466,25.959280610642576,0.13249748663074437,-0.16767637869971588,0.1306008053397128,0.104959854736483,0.3470941530583858,0.7712788286753297,0.020134190105674233,0.013269431148456568,0.08828242621216809,0.047154425692698634
210,0.5378939113832594,1.0814658903008234,0.01862618288929154,0.0,5000,3180,1.0,6,0,1.0,1.0,1.0,1.0,26.446912206411408,26.07681719808744,0.1417062769704772,-0.16165785343390687,0.12308551922610995,0.0986354261817703,0.3727420152380805,0.8131726220007945,0.01582258844301554,0.01196268660284028,0.08538503661076209,0.04119592631612162
211,0.5391390313568256,1.0766560613394796,0.02011025686376447,0.0,5000,3129,1.0,6,0,1.0,1.0,1.0,1.0,26.568513635392588,26.202820078460274,0.14897129297801862,-0.15679906388295906,0.12548055501786468,0.10795329269212522,0.3639956464694034,0.8299219737783584,0.015737474265267025,0.013325649497768712,0.08579332166253217,0.032703293318038645
212,0.5415779462372915,1.072302589045719,0.020257004579135648,0.0,5000,3119,1.0,7,0,1.0,1.0,1.0,1.0,26.686654502975763,26.3293530963594,0.15857588220290939,-0.14859280375756273,0.12668982997502573,0.11008632181768443,0.373806537183271,0.8425569472873523,0.01678150180562143,0.014724348863643811,0.07847197291002404,0.029693625838121983
213,0.5394593404103912,1.0776374338759964,0.019324271613604897,0.0,5000,3137,1.0,6,0,1.0,1.0,1.0,1.0,26.807518601452905,26.452349919167688,0.16378577342790152,-0.1514089304751604,0.13032462750577026,0.134931225816774,0.3974471539237575,0.8481598372118476,0.017305466187163072,0.019898730487076195,0.07282713037151284,0.02479892564147691
214,0.5397265281567627,1.07755492981594,0.01913457560657094,0.0,5000,3141,1.0,7,0,1.0,1.0,1.0,1.0,26.91654680721185,26.583193103261742,0.1733265099974824,-0.15475062634868064,0.14193742462138498,0.13801659149093093,0.4206538804794927,0.8404008769466685,0.019410108384806026,0.018656556038571644,0.07280711291562571,0.027475603507692466
215,0.5367646012127079,1.079218482008406,0.020754425155504824,0.0,5000,3137,1.0,6,0,1.0,1.0,1.0,1.0,27.070059923339596,26.69797849364028,0.16222766408986816,-0.15771946202535406,0.13790893818530245,0.1346816138066665,0.4866929109626027,0.8294681550408708,0.021375580357979835,0.01922467828243141,0.08812769384299692,0.03203536368401115
216,0.5346601005755559,1.0814193880149947,0.021482389921064025,0.0,5000,3179,1.0,6,0,1.0,1.0,1.0,1.0,27.190160569197587,26.825207181839424,0.17172413869204076,-0.14690793300539834,0.13351830048306884,0.15176835129629884,0.5355659503813467,0.8427513907976865,0.01852487962371309,0.02369399437614624,0.10426368318029258,0.027706896653121083
217,0.5345447968184979,1.0847454595224721,0.019727222707460017,0.0,5000,3183,1.0,7,0,1.0,1.0,1.0,1.0,27.318766232333786,26.93903078715768,0.18489738621383695,-0.14503694019386537,0.14023252869394054,0.19203922412898083,0.5529118706207918,0.8265532922924216,0.018538218456707688,0.03416466957238311,0.11493345832798127,0.03237008755084914
218,0.5360242654526264,1.0802268685655223,0.020849026862633034,0.0,5000,3144,1.0,7,0,1.0,1.0,1.0,1.0,27.44837970296681,27.070680591391813,0.18725630994209208,-0.14363784334931143,0.13250628474117174,0.16770476500131704,0.5039998572802323,0.8299810607345564,0.019059554307636603,0.026773964926808908,0.12062909518535034,0.03215798377600528
219,0.5343974585639413,1.0824695251755987,0.02109857716128107,0.0,5000,3156,1.0,6,0,1.0,1.0,1.0,1.0,27.5767901742267,27.20630890741279,0.18514234921230902,-0.15570340954307946,0.11717823085696,0.14324268551717617,0.4520099042512531,0.8106031322683371,0.016152890924820543,0.017747740894245786,0.11665972303137792,0.034902494050930835
220,0.531608434708001,1.0924547497184742,0.018224545116248336,0.0,5000,3179,1.0,6,0,1.0,1.0,1.0,1.0,27.704850059973005,27.342199844930704,0.1971416166673146,-0.14832062250900444,0.10473224616824006,0.13219675417410598,0.435233801956065,0.8160431916117498,0.015110706103661442,0.01686523160323578,0.10617262784770484,0.031150081208461296
221,0.5339464250047635,1.0895276624617962,0.017761673952963037,0.0,5000,3171,1.0,7,0,1.0,1.0,1.0,1.0,27.820577437709424,27.47030269826289,0.21394063576283168,-0.14741911194586874,0.10057709418152126,0.12295143436921946,0.4415156460999493,0.8066271174908888,0.014288152770436904,0.018397047024621044,0.09507991299686168,0.030359050919726887
222,0.5333643515853767,1.087824503267868,0.019259237778470904,0.0,5000,3190,1.0,6,0,1.0,1.0,1.0,1.0,27.950268346106686,27.59986412510845,0.20873177728702016,-0.1557146874897125,0.0933067806365377,0.11741763160986825,0.42237086653795003,0.7636264735452278,0.01054834744622121,0.014748233011478405,0.08083636055433938,0.033009812953000116
223,0.538243413691242,1.077157777847065,0.020555306031640307,0.0,5000,3150,1.0,7,0,1.0,1.0,1.0,1.0,28.06726920212137,27.72349807439435,0.21957977504533147,-0.1694196073258108,0.09123508720549008,0.12294862396794337,0.4309027038996858,0.763485087768277,0.01166591157468745,0.017485163224778805,0.08199156747214592,0.03288251169620939
224,0.5368422509622803,1.0832545026883034,0.018527153111124094,0.0,5000,3152,1.0,7,0,1.0,1.0,1.0,1.0,28.208974385381396,27.857243616886418,0.23095189933065557,-0.1819423313245022,0.09341375570522382,0.10936161156389056,0.4395667016548736,0.780166546374703,0.010509106131785195,0.014969387959820784,0.09515698896491612,0.03256410299776487
225,0.5388579632067496,1.0773009320651903,0.020085693614223354,0.0,5000,3177,1.0,7,0,1.0,1.0,1.0,1.0,28.346258918484025,27.978094570283062,0.2306326496544081,-0.19470196743657744,0.10835654843788925,0.10751933642402486,0.4599605378693149,0.8139283924685927,0.011919946871786834,0.013905748837297663,0.10121510941167233,0.026470669126703792
226,0.5431892139043298,1.0674477721073345,0.021472655770479448,0.0,5000,3129,1.0,6,0,1.0,1.0,1.0,1.0,28.467692136204402,28.11314084556858,0.24267319329331613,-0.19966584938499643,0.13360463379059168,0.10809266591400225,0.5040709748056416,0.8334919641171052,0.015259173239428188,0.014354221214055227,0.09757639016582656,0.024410003369284766
227,0.541880767996803,1.065747194250613,0.023404431750365152,0.0,5000,3129,1.0,7,0,1.0,1.0,1.0,1.0,28.60247183076156,28.242749660451903,0.24185881304699572,-0.18862778454203707,0.15332647796343712,0.09681039640829393,0.4652911590325953,0.8584014971777373,0.020075274723383205,0.012170493494478098,0.08610353920218367,0.020293468054322722
228,0.5375698399903835,1.069776816143934,0.025042714940899748,0.0,5000,3158,1.0,7,0,1.0,1.0,1.0,1.0,28.71749701209367,28.36701618010577,0.25386389517980673,-0.1898175946683639,0.17247574365609503,0.10139215733856584,0.4436959535284521,0.850468135844155,0.022225713327721268,0.011591269146493818,0.0795142597004443,0.023758313013448776
229,0.5339453094372031,1.0768683197278426,0.024543238151121433,0.0,5000,3142,1.0,6,0,1.0,1.0,1.0,1.0,28.84448155327767,28.490412201632996,0.23480941295041988,-0.20332497078760775,0.16794650449085763,0.10178634987340808,0.4305307775617214,0.8366275385128361,0.021724715721500296,0.01198369432402202,0.07725290358023683,0.02793089697135765
230,0.534991814817492,1.073743257517477,0.025365359278554683,0.0,5000,3159,1.0,6,0,1.0,1.0,1.0,1.0,28.963053554051942,28.628534912624072,0.23944678426460553,-0.19746543108054915,0.16409844770004844,0.1053250862153554,0.43002115507132355,0.8368335415748015,0.0257985024657998,0.012005212439396232,0.08140501159669186,0.02842521710883297
231,0.5380947815906684,1.070209211314745,0.02443881837487939,0.0,5000,3130,1.0,6,0,1.0,1.0,1.0,1.0,29.071582041067664,28.746539580249408,0.25941506326332264,-0.20656820234506992,0.16052024493388115,0.10834897120685665,0.43499710580126183,0.8260620483136618,0.029696137018544948,0.01339486177241176,0.07799504867853171,0.02925881210550837
232,0.5365425915071973,1.070934617712131,0.02539585124534901,0.0,5000,3138,1.0,6,0,1.0,1.0,1.0,1.0,29.20594729816668,28.865128925105555,0.25951269424044593,-0.20223099271199738,0.12304440904293629,0.11468433485736346,0.4381989414985456,0.8148598894911699,0.016818630010993225,0.016028578299074794,0.0853153320217398,0.031881430428301306
233,0.535866560899051,1.074720724714851,0.023999361149538455,0.0,5000,3173,1.0,5,0,1.0,1.0,1.0,1.0,29.351143031517275,28.97110603385256,0.26833243350019215,-0.20444983338875986,0.10958440492856186,0.121290703984955,0.4523637007946395,0.8093616978315946,0.013963107797018402,0.016815683664835684,0.0889884861513856,0.030710628967375742
234,0.538420154338902,1.0760612345543634,0.02104317199792318,0.0,5000,3169,1.0,6,0,1.0,1.0,1.0,1.0,29.46684538824493,29.086884971378705,0.2710441779151919,-0.19460985249327423,0.12209732279082794,0.1122219783372911,0.4611219815911787,0.7925356853346162,0.014128230079039485,0.015543311868891624,0.08565633108104809,0.03442708908549556
235,0.5418577237309239,1.0721168544939943,0.02008906497409175,0.0,5000,3181,1.0,6,0,1.0,1.0,1.0,1.0,29.582476264916405,29.200014558346464,0.2596813488268211,-0.1959319161665889,0.13790663970396302,0.1375164723481271,0.4451885036321315,0.7633318714296572,0.020366469318624313,0.020134670393110704,0.08798857790536915,0.04038195335369526
236,0.5369005833525459,1.0797030264762428,0.02044241475609893,0.0,5000,3186,1.0,6,0,1.0,1.0,1.0,1.0,29.714003968366605,29.34479516222094,0.2568925184794878,-0.1985361664626253,0.14518437416636137,0.15538273093556826,0.46159930661042625,0.7554540020328763,0.023329350850611053,0.025306728336988205,0.08063776982778172,0.04152200251063581
237,0.5370066978389516,1.0788171615135473,0.020767322244612182,0.0,5000,3148,1.0,6,0,1.0,1.0,1.0,1.0,29.835108808847927,29.463595357230016,0.2583173893475049,-0.2056458257078911,0.13288467792253533,0.14095630686933885,0.48085819924001627,0.7386882272193273,0.023192749640065638,0.016843865381370348,0.08701852034413268,0.05159812975020714
238,0.5344091523243822,1.0810127299205154,0.022084307077681768,0.0,5000,3137,1.0,6,0,1.0,1.0,1.0,1.0,29.9548182230965,29.6046737755072,0.2680873547622538,-0.20017917025443585,0.12664090741731207,0.12579167524265827,0.5175883327427341,0.7152135822069945,0.018828685389046456,0.015288373841002744,0.07956413740824572,0.06510779891316743
239,0.541655955690146,1.07055531172803,0.021224384926142585,0.0,5000,3173,1.0,6,0,1.0,1.0,1.0,1.0,30.052741982663246,29.73689251788061,0.26298535105274384,-0.1844361899809228,0.13028096805655265,0.11337655187439424,0.601044895370525,0.6820709244724668,0.020900896518828233,0.013075173126047673,0.08124085115479436,0.07835932991516305
240,0.5442222923843257,1.0678638894781547,0.020438251776917705,0.0,5000,3153,1.0,6,0,1.0,1.0,1.0,1.0,30.180532229279997,29.857351141604294,0.27280234137641685,-0.18646949150335948,0.16599831000532386,0.11548999451682833,0.6554902520334585,0.6662364316303816,0.031798501477895334,0.014962194133907028,0.07532565621283373,0.07660195703756771
241,0.5477749415539455,1.0633361994859565,0.01970364496278143,0.0,5000,3185,1.0,7,0,1.0,1.0,1.0,1.0,30.322866804056563,29.979053208869416,0.266275279962899,-0.18903845536569902,0.13469597152756865,0.11909619519589876,0.7109402659058914,0.6870631959073953,0.02109020569814699,0.01675310183862454,0.0660956766396027,0.06685222022524369
242,0.5450954011393473,1.0749672010687203,0.015706411784391538,0.0,5000,3196,1.0,6,0,1.0,1.0,1.0,1.0,30.450838311861794,30.099851117309537,0.27152625875052805,-0.19507441474549342,0.13947113172040476,0.12406765388131345,0.7585306744353456,0.7150579635154165,0.018679026752142436,0.019089736511594114,0.05494993709414706,0.0563146648058581
243,0.5448391793457907,1.0792680873930096,0.01370894788993661,0.0,5000,3150,1.0,7,0,1.0,1.0,1.0,1.0,30.579639232469145,30.203758543446682,0.27813887710315294,-0.18600006139940664,0.14788941087557322,0.1361656746172447,0.7713323909174027,0.7177719124887282,0.020596719683784414,0.01843343973774392,0.05616543367364075,0.05612059700535082
244,0.5428922485392621,1.086406653407922,0.011424225802871963,0.0,5000,3159,1.0,6,0,1.0,1.0,1.0,1.0,30.70239504450063,30.335710788993296,0.2725227715810785,-0.16870932351437745,0.1506728140340778,0.1313082741798841,0.797091066390774,0.736975827274485,0.024898909388096545,0.01765650617996294,0.04128179446148403,0.047724228576888524
245,0.5437548846158253,1.0841570159832432,0.011856943896639384,0.0,5000,3140,1.0,7,0,1.0,1.0,1.0,1.0,30.822852139287296,30.448680581857154,0.278863512282592,-0.16237373735598973,0.1484213972018568,0.12773470132931428,0.8163491954686748,0.7107071366037305,0.025721596557667793,0.01785638772359749,0.03144770607150774,0.054501753653074934
246,0.5364912495376044,1.0933009625238694,0.013322504504625602,0.0,5000,3166,1.0,6,0,1.0,1.0,1.0,1.0,30.961400149867078,30.577444549078454,0.280159639080155,-0.15279540009214118,0.11796990460592317,0.14261685672887928,0.8136509736236028,0.7198414348008769,0.017009029362388062,0.01768188878010171,0.03215810945425215,0.056307480711959
247,0.5341817458295763,1.093229162631107,0.015451992599923938,0.0,5000,3160,1.0,6,0,1.0,1.0,1.0,1.0,31.09077783060378,30.72006183854438,0.29083634229247335,-0.13662311656753004,0.11877575938559744,0.13954146184694563,0.8080355297944762,0.716274310392319,0.01707463182115806,0.018059428447361962,0.034392394637726545,0.060013499418585046
248,0.534855386949212,1.090254542242942,0.01658059794822698,0.0,5000,3138,1.0,6,0,1.0,1.0,1.0,1.0,31.227983273472873,30.847415568901233,0.2874260579623884,-0.14534534179155847,0.10956749539323707,0.11640497455010104,0.7836681110727415,0.7051062968063576,0.015205685866518968,0.016115206622731037,0.03827401219033572,0.05069479886897202
249,0.5391380581153531,1.084868149296662,0.015617713105525446,0.0,5000,3180,1.0,7,0,1.0,1.0,1.0,1.0,31.355193894887115,30.982076283052027,0.2957112248504258,-0.1391564330282176,0.09775225179269814,0.1023025326675415,0.7539887624552912,0.7337741176257928,0.013422848439907372,0.01245930274562122,0.03527162858982631,0.04794453862720387
